"Representative","State","Amount"
"Bell Wesley (D-MO)","Missouri","$2744534"
"Latimer George (D-NY)","New York","$2538736"
"Menendez Robert (I-NJ)","New Jersey","$2507647"
"Kirk Mark (R-IL)","Illinois","$2294469"
"Gottheimer Josh (D-NJ)","New Jersey","$2001636"
"Hoyer Steny H (D-MD)","Maryland","$1820994"
"Jeffries Hakeem (D-NY)","New York","$1741230"
"Schumer Charles E (D-NY)","New York","$1727974"
"Rosen Jacky (D-NV)","Nevada","$1711754"
"Engel Eliot (D-NY)","New York","$1618904"
"Torres Ritchie (D-NY)","New York","$1442850"
"Berkley Shelley (D-NV)","Nevada","$1403933"
"Schneider Brad (D-IL)","Illinois","$1337139"
"Bacon Donald John (R-NE)","Nebraska","$1286175"
"Wyden Ron (D-OR)","Oregon","$1280876"
"Schiff Adam (D-CA)","California","$1233039"
"Brown Sherrod (D-OH)","Ohio","$1221093"
"Cantor Eric (R-VA)","Virginia","$1152751"
"Brown Shontel (D-OH)","Ohio","$1145956"
"Durbin Dick (D-IL)","Illinois","$1127350"
"Scalise Steve (R-LA)","Louisiana","$1099754"
"Luria Elaine (D-VA)","Virginia","$1058115"
"Ros-Lehtinen Ileana (R-FL)","Florida","$1049104"
"Schultz Debbie Wasserman (D-FL)","Florida","$1036534"
"Graham Lindsey (R-SC)","South Carolina","$999580"
"Gillibrand Kirsten (D-NY)","New York","$999322"
"Lowey Nita M (D-NY)","New York","$998659"
"Stefanik Elise (R-NY)","New York","$983055"
"Stevens Haley (D-MI)","Michigan","$945864"
"Zeldin Lee (R-NY)","New York","$916334"
"Aguilar Pete (D-CA)","California","$913204"
"Cardin Ben (D-MD)","Maryland","$912535"
"Diaz-Balart Mario (R-FL)","Florida","$906461"
"Calvert Ken (R-CA)","California","$883040"
"McCaul Michael (R-TX)","Texas","$873716"
"Nelson Bill (D-FL)","Florida","$856036"
"Davis Don (D-NC)","North Carolina","$846438"
"Stabenow Debbie (D-MI)","Michigan","$838982"
"Ivey Glenn (D-MD)","Maryland","$835185"
"Golden Jared (D-ME)","Maine","$817681"
"Ciscomani Juan (R-AZ)","Arizona","$789114"
"Johnson Mike (R-LA)","Louisiana","$784621"
"Duckworth Tammy (D-IL)","Illinois","$782541"
"Deutch Ted (D-FL)","Florida","$761906"
"Schakowsky Jan (D-IL)","Illinois","$742008"
"Boxer Barbara (D-CA)","California","$725793"
"Wicker Roger (R-MS)","Mississippi","$724620"
"Baldwin Tammy (D-WI)","Wisconsin","$714541"
"Mast Brian (R-FL)","Florida","$700480"
"Auchincloss Jake (D-MA)","Massachusetts","$694051"
"Sherman Brad (D-CA)","California","$692943"
"Meeks Gregory (D-NY)","New York","$690907"
"Frankel Lois (D-FL)","Florida","$675104"
"Cole Tom (R-OK)","Oklahoma","$648206"
"McSally Martha (R-AZ)","Arizona","$642484"
"Lawler Mike (R-NY)","New York","$639253"
"Kean Thomas H Jr (R-NJ)","New Jersey","$625407"
"Peters Gary (D-MI)","Michigan","$625115"
"Meng Grace (D-NY)","New York","$619633"
"Fitzpatrick Brian (R-PA)","Pennsylvania","$618289"
"Pelosi Nancy (D-CA)","California","$618120"
"Berman Howard L (D-CA)","California","$612190"
"Elfreth Sarah (D-MD)","Maryland","$611979"
"Emmer Tom (R-MN)","Minnesota","$592336"
"Blackburn Marsha (R-TN)","Tennessee","$587466"
"Clark Katherine (D-MA)","Massachusetts","$572808"
"Cantwell Maria (D-WA)","Washington","$568623"
"Foster Bill (D-IL)","Illinois","$551994"
"Rogers Mike D (R-AL)","Alabama","$549099"
"Slotkin Elissa (D-MI)","Michigan","$548470"
"Manning Kathy (D-NC)","North Carolina","$542666"
"Steel Michelle (R-CA)","California","$526809"
"Pappas Chris (D-NH)","New Hampshire","$523083"
"Israel Steve (D-NY)","New York","$522869"
"Allred Colin (D-TX)","Texas","$521816"
"Royce Ed (R-CA)","California","$506287"
"Udall Mark (D-CO)","Colorado","$504602"
"Smith Adam (D-WA)","Washington","$499998"
"Dold Bob (R-IL)","Illinois","$495633"
"Kyl Jon (R-AZ)","Arizona","$486812"
"Boehner John (R-OH)","Ohio","$483826"
"Rothman Steven R (D-NJ)","New Jersey","$478814"
"Kim Young (R-CA)","California","$478226"
"Levin Sander (D-MI)","Michigan","$476577"
"McCarthy Kevin (R-CA)","California","$467228"
"Thune John (R-SD)","South Dakota","$461724"
"Craig Angie (D-MN)","Minnesota","$455643"
"Foushee Valerie (D-NC)","North Carolina","$437885"
"Kim Andy (D-NJ)","New Jersey","$427511"
"Cassidy Bill (R-LA)","Louisiana","$422740"
"Harman Jane (D-CA)","California","$422728"
"Roskam Peter (R-IL)","Illinois","$417574"
"Landsman Greg (D-OH)","Ohio","$415658"
"Barr Andy (R-KY)","Kentucky","$408968"
"Blunt Roy (R-MO)","Missouri","$408778"
"Wild Susan (D-PA)","Pennsylvania","$403947"
"Hastings Alcee (D-FL)","Florida","$402850"
"Reed Jack (D-RI)","Rhode Island","$402602"
"Boyle Brendan (D-PA)","Pennsylvania","$401878"
"Costa Jim (D-CA)","California","$399523"
"Granger Kay (R-TX)","Texas","$399288"
"Malinowski Tom (D-NJ)","New Jersey","$399202"
"Moskowitz Jared (D-FL)","Florida","$397398"
"Messmer Mark (R-IN)","Indiana","$397385"
"Gomez Jimmy (D-CA)","California","$397297"
"Garcia Mike (R-CA)","California","$397124"
"Young Todd (R-IN)","Indiana","$396478"
"Gonzales Tony (R-TX)","Texas","$384544"
"Curbelo Carlos (R-FL)","Florida","$384012"
"Santorum Rick (R)","","$380664"
"Gallego Ruben (D-AZ)","Arizona","$379877"
"Lantos Tom (D-CA)","California","$379586"
"Scott Tim (R-SC)","South Carolina","$378896"
"Jones Mondaire (D-NY)","New York","$378205"
"Levin Andy (D-MI)","Michigan","$377917"
"Banks Jim (R-IN)","Indiana","$368705"
"Levin Mike (D-CA)","California","$368574"
"Lankford James (R-OK)","Oklahoma","$365560"
"Daines Steven (R-MT)","Montana","$362266"
"Murphy Patrick (D-FL)","Florida","$355088"
"Klein Ron (D-FL)","Florida","$352206"
"Spanberger Abigail (D-VA)","Virginia","$352194"
"Cramer Kevin (R-ND)","North Dakota","$350072"
"Frost Martin (D-TX)","Texas","$346620"
"Scholten Hillary (D-MI)","Michigan","$346428"
"Johnson Tim (D-SD)","South Dakota","$345569"
"James John (R-MI)","Michigan","$340573"
"Sinema Kyrsten (I-AZ)","Arizona","$340186"
"Cartwright Matt (D-PA)","Pennsylvania","$340134"
"Caraveo Yadira (D-CO)","Colorado","$338079"
"Heinrich Martin (D-NM)","New Mexico","$336176"
"Toomey Pat (R-PA)","Pennsylvania","$330245"
"Kuster Ann (D-NH)","New Hampshire","$329899"
"Crapo Mike (R-ID)","Idaho","$327673"
"Vargas Juan (D-CA)","California","$325952"
"Menendez Rob (D-NJ)","New Jersey","$325668"
"Schwartz Allyson (D-PA)","Pennsylvania","$323935"
"Bustos Cheri (D-IL)","Illinois","$323688"
"Portman Rob (R-OH)","Ohio","$323546"
"Gallagher Mike (R-WI)","Wisconsin","$322808"
"Wilson Joe (R-SC)","South Carolina","$322700"
"Maloney Carolyn (D-NY)","New York","$318245"
"Lipinski Daniel (D-IL)","Illinois","$317545"
"Suozzi Tom (D-NY)","New York","$312720"
"Boozman John (R-AR)","Arkansas","$309860"
"Gejdenson Sam (D-CT)","Connecticut","$308897"
"Roberts Pat (R-KS)","Kansas","$305700"
"Ryan Paul (R-WI)","Wisconsin","$305209"
"Gephardt Richard A (D)","","$302659"
"Nadler Jerrold (D-NY)","New York","$302098"
"Gardner Cory (R-CO)","Colorado","$300839"
"Hastert Dennis (R-IL)","Illinois","$296600"
"Panetta Jimmy (D-CA)","California","$295146"
"Strickland Marilyn (D-WA)","Washington","$293834"
"DeLay Tom (R-TX)","Texas","$292000"
"Harder Josh (D-CA)","California","$290282"
"Van Hollen Chris (D-MD)","Maryland","$288706"
"Schrier Kim (D-WA)","Washington","$288389"
"Lamborn Doug (R-CO)","Colorado","$286725"
"Moran Jerry (R-KS)","Kansas","$285985"
"LaTourette Steve (R-OH)","Ohio","$282625"
"Ryan Pat (D-NY)","New York","$279274"
"Ryan Tim (D-OH)","Ohio","$277788"
"Miller Max (R-OH)","Ohio","$277420"
"Udall Tom (D-NM)","New Mexico","$271798"
"Brownback Sam (R)","","$271745"
"Rogers Mike (R-MI)","Michigan","$271683"
"O'Rourke Beto (D)","","$269350"
"Krishnamoorthi Raja (D-IL)","Illinois","$268730"
"Smith Chris (R-NJ)","New Jersey","$267975"
"Deutsch Peter (D-FL)","Florida","$267167"
"Ackerman Gary (D-NY)","New York","$266734"
"Goldman Dan (D-NY)","New York","$265025"
"Talent James M (R-MO)","Missouri","$263423"
"Deluzio Christopher (D-PA)","Pennsylvania","$262072"
"Andrews Robert E (D-NJ)","New Jersey","$261483"
"Mucarsel-Powell Debbie (D-FL)","Florida","$261135"
"Crowley Joseph (D-NY)","New York","$260572"
"Schweikert David (R-AZ)","Arizona","$259027"
"Soto Darren (D-FL)","Florida","$258747"
"Knollenberg Joe (R-MI)","Michigan","$256357"
"Lieu Ted (D-CA)","California","$255682"
"Salinas Andrea (D-OR)","Oregon","$254052"
"Davis Artur (R-AL)","Alabama","$253415"
"Inhofe James M (R-OK)","Oklahoma","$253275"
"Malliotakis Nicole (R-NY)","New York","$250575"
"Bera Ami (D-CA)","California","$250573"
"Salazar Maria (R-FL)","Florida","$250081"
"Waltz Michael (R-FL)","Florida","$248618"
"Pallone Frank Jr (D-NJ)","New Jersey","$247363"
"Quigley Mike (D-IL)","Illinois","$246336"
"Perez Marie Gluesenkamp (D-WA)","Washington","$240949"
"Cuellar Henry (D-TX)","Texas","$240500"
"Cotton Tom (R-AR)","Arkansas","$237739"
"Reschenthaler Guy (R-PA)","Pennsylvania","$236819"
"Davids Sharice (D-KS)","Kansas","$236506"
"Dorgan Byron L (D-ND)","North Dakota","$236369"
"Bean Melissa (D-IL)","Illinois","$236249"
"Emanuel Rahm (D-IL)","Illinois","$235955"
"Allen George (R-VA)","Virginia","$235740"
"Burr Richard (R-NC)","North Carolina","$234336"
"Gimenez Carlos (R-FL)","Florida","$233687"
"Crenshaw Dan (R-TX)","Texas","$233395"
"Axne Cindy (D-IA)","Iowa","$232065"
"DeWine Mike (R-OH)","Ohio","$229813"
"Green Mark (R-TN)","Tennessee","$228719"
"Crow Jason (D-CO)","Colorado","$227609"
"Shaw E Clay Jr (R-FL)","Florida","$226713"
"Sykes Emilia (D-OH)","Ohio","$225971"
"Ross Deborah (D-NC)","North Carolina","$223737"
"Norcross Don (D-NJ)","New Jersey","$221855"
"McHenry Patrick (R-NC)","North Carolina","$221809"
"Gonzalez Vicente (D-TX)","Texas","$221431"
"Riggleman Denver (R-VA)","Virginia","$220338"
"Porter Katie (D-CA)","California","$219754"
"Kustoff David (R-TN)","Tennessee","$217178"
"Torricelli Robert G (D-NJ)","New Jersey","$215736"
"Ellsworth Brad (D-IN)","Indiana","$214159"
"Raskin Jamie (D-MD)","Maryland","$212979"
"Burton Dan (R-IN)","Indiana","$212128"
"Vitter David (R-LA)","Louisiana","$212055"
"Molinaro Marc (R-NY)","New York","$211455"
"Giffords Gabrielle (D-AZ)","Arizona","$211201"
"Turner Michael R (R-OH)","Ohio","$210963"
"Sorensen Eric (D-IL)","Illinois","$210332"
"Pascrell Bill Jr (D-NJ)","New Jersey","$210073"
"Khanna Ro (D-CA)","California","$209950"
"Horsford Steven (D-NV)","Nevada","$209539"
"Titus Dina (D-NV)","Nevada","$208972"
"Casten Sean (D-IL)","Illinois","$208532"
"Clyburn James E (D-SC)","South Carolina","$206800"
"Cheney Liz (R-WY)","Wyoming","$206743"
"Pence Mike (R)","","$206694"
"Joyce David P (R-OH)","Ohio","$205729"
"Budzinski Nikki (D-IL)","Illinois","$205064"
"Rose Max (D-NY)","New York","$204273"
"DelBene Suzan (D-WA)","Washington","$203994"
"Heller Dean (R-NV)","Nevada","$203992"
"Espaillat Adriano (D-NY)","New York","$202860"
"Fletcher Lizzie (D-TX)","Texas","$200102"
"Ruiz Raul (D-CA)","California","$198996"
"Curtis John (R-UT)","Utah","$198448"
"Obey David R (D-WI)","Wisconsin","$197750"
"Hudson Richard (R-NC)","North Carolina","$195466"
"Neguse Joseph (D-CO)","Colorado","$194910"
"Cherfilus-McCormick Sheila (D-FL)","Florida","$194793"
"Carper Tom (D-DE)","Delaware","$194270"
"Brownley Julia (D-CA)","California","$193978"
"Katko John (R-NY)","New York","$193054"
"Kinzinger Adam (R-IL)","Illinois","$192125"
"Gingrich Newt (R)","","$189813"
"Foxx Virginia (R-NC)","North Carolina","$186869"
"Lincoln Blanche (D-AR)","Arkansas","$185955"
"Swalwell Eric (D-CA)","California","$184845"
"Wexler Robert (D-FL)","Florida","$184600"
"Bunning Jim (R-KY)","Kentucky","$183060"
"Tenney Claudia (R-NY)","New York","$182655"
"Sherrill Mikie (D-NJ)","New Jersey","$181913"
"Cardenas Tony (D-CA)","California","$178514"
"Perry Scott (R-PA)","Pennsylvania","$176200"
"Majette Denise L (D-GA)","Georgia","$175905"
"DeLauro Rosa (D-CT)","Connecticut","$175293"
"Meek Kendrick B (D-FL)","Florida","$174022"
"Goodlander Maggie (D-NH)","New Hampshire","$172646"
"Sanchez Linda (D-CA)","California","$171542"
"Mfume Kweisi (D-MD)","Maryland","$171000"
"Garbarino Andrew (R-NY)","New York","$170889"
"Diaz-Balart Lincoln (R-FL)","Florida","$169039"
"Chavez-Deremer Lori (R-OR)","Oregon","$167803"
"Shea-Porter Carol (D-NH)","New Hampshire","$167252"
"Mooney Alex (R-WV)","West Virginia","$166233"
"Chabot Steve (R-OH)","Ohio","$165881"
"Morelle Joseph D (D-NY)","New York","$165520"
"Jack Brian (R-GA)","Georgia","$165314"
"Bachmann Michele (R-MN)","Minnesota","$162223"
"Valadao David (R-CA)","California","$161828"
"Vasquez Gabe (D-NM)","New Mexico","$161033"
"Bost Mike (R-IL)","Illinois","$159793"
"Mcdonald Rivet Kristen (D-MI)","Michigan","$159654"
"Isakson Johnny (R-GA)","Georgia","$158900"
"Levine Mel (D-CA)","California","$158679"
"Williams Brandon (R-NY)","New York","$158536"
"Budd Ted (R-NC)","North Carolina","$158495"
"Rice Kathleen (D-NY)","New York","$158360"
"Capps Lois (D-CA)","California","$158035"
"Thanedar Shri (D-MI)","Michigan","$157647"
"Garrett Scott (R-NJ)","New Jersey","$156950"
"Maloney Sean Patrick (D-NY)","New York","$156806"
"Sestak Joe (D)","","$155430"
"Carnahan Russ (D-MO)","Missouri","$155301"
"Delgado Antonio (D-NY)","New York","$154919"
"Murphy Christopher S (D-CT)","Connecticut","$154153"
"Sanchez Loretta (D-CA)","California","$153921"
"Peters Scott (D-CA)","California","$153413"
"Skelton Ike (D-MO)","Missouri","$151649"
"Capito Shelley Moore (R-WV)","West Virginia","$150050"
"Cummings Elijah E (D-MD)","Maryland","$149000"
"Wilson Heather A (R-NM)","New Mexico","$148287"
"Langevin Jim (D-RI)","Rhode Island","$148216"
"Filner Bob (D-CA)","California","$147864"
"Newhouse Dan (R-WA)","Washington","$147208"
"Campbell Ben Nighthorse (R-CO)","Colorado","$146701"
"Braley Bruce (D-IA)","Iowa","$145808"
"Chambliss Saxby (R-GA)","Georgia","$145400"
"Owens Wayne (D-UT)","Utah","$145252"
"Swett Dick (D-NH)","New Hampshire","$145118"
"Hunt Wesley (R-TX)","Texas","$144850"
"Kaptur Marcy (D-OH)","Ohio","$144450"
"West Allen (R-FL)","Florida","$144030"
"Finkenauer Abby (D-IA)","Iowa","$143289"
"Strickland Ted (D-OH)","Ohio","$142635"
"Flake Jeff (R-AZ)","Arizona","$142200"
"Snowe Olympia (R-ME)","Maine","$142100"
"Womack Steve (R-AR)","Arkansas","$142030"
"Rodgers Cathy McMorris (R-WA)","Washington","$141943"
"Markey Ed (D-MA)","Massachusetts","$141671"
"Kirkpatrick Ann (D-AZ)","Arizona","$140737"
"Welch Peter (D-VT)","Vermont","$140458"
"Bilirakis Gus (R-FL)","Florida","$140160"
"Kolbe Jim (R-AZ)","Arizona","$139900"
"Edwards Donna (D-MD)","Maryland","$139442"
"Wexton Jennifer (D-VA)","Virginia","$139083"
"Aderholt Robert B (R-AL)","Alabama","$137952"
"King Pete (R-NY)","New York","$137850"
"Cicilline David (D-RI)","Rhode Island","$136850"
"Donnelly Joe (D-IN)","Indiana","$136783"
"D'Esposito Anthony (R-NY)","New York","$136462"
"Wolf Frank (R-VA)","Virginia","$135750"
"Carson Brad R (D-OK)","Oklahoma","$135200"
"Crist Charlie (D-FL)","Florida","$134615"
"Grothman Glenn (R-WI)","Wisconsin","$134467"
"Connolly Gerry (D-VA)","Virginia","$134178"
"Berg Rick (R-ND)","North Dakota","$132400"
"Ellzey Jake (R-TX)","Texas","$132082"
"Zimmer Dick (R-NJ)","New Jersey","$131100"
"Neal Richard E (D-MA)","Massachusetts","$130400"
"Mace Nancy (R-SC)","South Carolina","$130307"
"Steil Bryan (R-WI)","Wisconsin","$130303"
"Goldman Craig (R-TX)","Texas","$130050"
"Rogers Hal (R-KY)","Kentucky","$129700"
"Schock Aaron (R-IL)","Illinois","$129600"
"Davis Rodney (R-IL)","Illinois","$128987"
"Stanton Greg (D-AZ)","Arizona","$128940"
"Ford Harold E Jr (D-TN)","Tennessee","$128549"
"Garcia Joe (D-FL)","Florida","$128453"
"Newman Marie (D-IL)","Illinois","$127813"
"Saxton Jim (R-NJ)","New Jersey","$127415"
"Kildee Dan (D-MI)","Michigan","$126561"
"Lazio Rick A (R-NY)","New York","$125800"
"Lewis John (D-GA)","Georgia","$125183"
"Jackson Ronny (R-TX)","Texas","$122788"
"Bourdeaux Carolyn (D-GA)","Georgia","$122722"
"Donalds Byron (R-FL)","Florida","$121507"
"Moulton Seth (D-MA)","Massachusetts","$121266"
"LoBiondo Frank (R-NJ)","New Jersey","$120500"
"Lee Susie (D-NV)","Nevada","$119905"
"Hanabusa Colleen (D-HI)","Hawaii","$118068"
"Scott David (D-GA)","Georgia","$117950"
"Murphy Patrick J (D-PA)","Pennsylvania","$117553"
"Heck Joe (R-NV)","Nevada","$117500"
"Holt Rush (D-NJ)","New Jersey","$117166"
"Pfluger August (R-TX)","Texas","$116955"
"DeSantis Ron (R)","","$116200"
"Houlahan Chrissy (D-PA)","Pennsylvania","$115311"
"Van Duyne Beth (R-TX)","Texas","$114707"
"Lamb Conor (D-PA)","Pennsylvania","$114579"
"Johnson Hank (D-GA)","Georgia","$114300"
"Veasey Marc (D-TX)","Texas","$114078"
"De La Cruz Monica (R-TX)","Texas","$113815"
"Yakym Rudy (R-IN)","Indiana","$113793"
"Letlow Julia (R-LA)","Louisiana","$113460"
"Lee Barbara (D-CA)","California","$113457"
"LaHood Darin (R-IL)","Illinois","$112687"
"Waxman Henry (D-CA)","California","$112000"
"Kelly Mike (R-PA)","Pennsylvania","$111650"
"Graves Garret (R-LA)","Louisiana","$111200"
"Harris Andy (R-MD)","Maryland","$110194"
"Stallings Richard (D-ID)","Idaho","$110050"
"Hodes Paul W (D-NH)","New Hampshire","$109536"
"Smith Jason (R-MO)","Missouri","$109456"
"Smith Bob (R-NH)","New Hampshire","$108894"
"Kelly Robin (D-IL)","Illinois","$108872"
"Faso John (R-NY)","New York","$108168"
"Hinson Ashley (R-IA)","Iowa","$108044"
"Sutton Betty Sue (D-OH)","Ohio","$107915"
"Van Drew Jeff (R-NJ)","New Jersey","$107132"
"Barrow John (D-GA)","Georgia","$106674"
"Larsen Rick (D-WA)","Washington","$106600"
"Kilroy Mary Jo (D-OH)","Ohio","$105710"
"Eshoo Anna (D-CA)","California","$105425"
"Kennedy Patrick J (D-RI)","Rhode Island","$105366"
"Van Orden Derrick (R-WI)","Wisconsin","$105048"
"Barragan Nanette (D-CA)","California","$105032"
"Shalala Donna (D-FL)","Florida","$104648"
"Kiggans Jen (R-VA)","Virginia","$103839"
"Shays Christopher (R-CT)","Connecticut","$103828"
"Sewell Terri (D-AL)","Alabama","$103800"
"Williams Nikema Natassha (D-GA)","Georgia","$103590"
"Cleaver Emanuel (D-MO)","Missouri","$103323"
"Hayes Jahana (D-CT)","Connecticut","$103307"
"Gilman Benjamin A (R-NY)","New York","$102793"
"Lance Leonard (R-NJ)","New Jersey","$102550"
"Speier Jackie (D-CA)","California","$102537"
"Mack Connie (R-FL)","Florida","$100900"
"Rokita Todd (R-IN)","Indiana","$100640"
"Hoeffel Joseph M (D-PA)","Pennsylvania","$100624"
"Amo Gabe (D-RI)","Rhode Island","$100563"
"Sessions Pete (R-TX)","Texas","$99977"
"Rosendale Matt (R-MT)","Montana","$99851"
"Garamendi John (D-CA)","California","$99850"
"Trone David (D-MD)","Maryland","$99850"
"Hutchinson Tim (R-AR)","Arkansas","$99300"
"Jackson Jesse Jr (D-IL)","Illinois","$98750"
"Reynolds Mel (D-IL)","Illinois","$98321"
"Nunn Zach (R-IA)","Iowa","$98222"
"Pettersen Brittany (D-CO)","Colorado","$98064"
"Cohen Steve (D-TN)","Tennessee","$97880"
"Wittman Rob (R-VA)","Virginia","$97580"
"Kennedy Joe III (D-MA)","Massachusetts","$97067"
"Price David (D-NC)","North Carolina","$96835"
"McNerney Jerry (D-CA)","California","$96557"
"Walorski Jackie (R-IN)","Indiana","$96500"
"Weiner Anthony D (D-NY)","New York","$96325"
"Palmer Gary (R-AL)","Alabama","$96020"
"McGarvey Morgan (D-KY)","Kentucky","$96013"
"Hill Katie (D-CA)","California","$95768"
"Bass Karen (D-CA)","California","$95767"
"Bergman John (R-MI)","Michigan","$95504"
"Clarke Yvette (D-NY)","New York","$94656"
"Castor Kathy (D-FL)","Florida","$93910"
"Carter Troy (D-LA)","Louisiana","$93850"
"Fleming John (R-LA)","Louisiana","$93800"
"Weller Jerry (R-IL)","Illinois","$93750"
"Cisneros Gil (D-CA)","California","$93035"
"Fudge Marcia (D-OH)","Ohio","$93008"
"Edwards Chet (D-TX)","Texas","$92866"
"Lujan Ben Ray (D-NM)","New Mexico","$92618"
"Issa Darrell (R-CA)","California","$92506"
"Marshall Roger (R-KS)","Kansas","$92400"
"Garcia Robert (D-CA)","California","$91900"
"Langworthy Nick (R-NY)","New York","$91293"
"Mullin Markwayne (R-OK)","Oklahoma","$91000"
"Buchanan Vernon (R-FL)","Florida","$90980"
"Magaziner Seth (D-RI)","Rhode Island","$90626"
"Coleman Bonnie Watson (D-NJ)","New Jersey","$90581"
"Rouda Harley (D-CA)","California","$90175"
"Ensign John (R-NV)","Nevada","$89800"
"Rangel Charles B (D-NY)","New York","$89600"
"Spartz Victoria (R-IN)","Indiana","$89411"
"Kennedy Mark (R-MN)","Minnesota","$89390"
"Zinke Ryan (R-MT)","Montana","$88954"
"Boustany Charles Jr (R-LA)","Louisiana","$88888"
"Walberg Tim (R-MI)","Michigan","$88460"
"Fedorchak Julie (R-ND)","North Dakota","$88050"
"Bonner Jo (R-AL)","Alabama","$87300"
"Kilmer Derek (D-WA)","Washington","$87150"
"Maloney Jim (D-CT)","Connecticut","$86780"
"Olszewski John Anthony Jr. (D-MD)","Maryland","$86600"
"Takano Mark (D-CA)","California","$86055"
"Spratt John M Jr (D-SC)","South Carolina","$85874"
"Gutierrez Luis V (D-IL)","Illinois","$85861"
"Maffei Dan (D-NY)","New York","$85082"
"Evans Lane (D-IL)","Illinois","$85081"
"Owens Burgess (R-UT)","Utah","$84969"
"Allard Wayne (R-CO)","Colorado","$84500"
"Halvorson Deborah (D-IL)","Illinois","$84177"
"Fernandez Teresa Leger (D-NM)","New Mexico","$83307"
"Steube Greg (R-FL)","Florida","$82905"
"Cammack Kat (R-FL)","Florida","$82838"
"Bishop Sanford (D-GA)","Georgia","$82302"
"Aspin Les (D-WI)","Wisconsin","$82150"
"Love Mia (R-UT)","Utah","$81830"
"DeMint Jim (R-SC)","South Carolina","$81700"
"Sanders Bernie (I-VT)","Vermont","$80665"
"Rochester Lisa Blunt (D-DE)","Delaware","$80435"
"Porter John Edward (R-IL)","Illinois","$80130"
"Tran Derek (D-CA)","California","$79747"
"Webster Daniel (R-FL)","Florida","$79562"
"Peltola Mary (D-AK)","Alaska","$79222"
"Smucker Lloyd (R-PA)","Pennsylvania","$78418"
"Pingree Chellie (D-ME)","Maine","$78393"
"Young David (R-IA)","Iowa","$78230"
"Gerlach Jim (R-PA)","Pennsylvania","$77956"
"Herrell Yvette (R-NM)","New Mexico","$77951"
"LaLota Nick (R-NY)","New York","$76971"
"Loudermilk Barry (R-GA)","Georgia","$76700"
"Timmons William (R-SC)","South Carolina","$76655"
"MacArthur Thomas (R-NJ)","New Jersey","$76440"
"Beatty Joyce (D-OH)","Ohio","$76200"
"Ruppersberger Dutch (D-MD)","Maryland","$76200"
"Huizenga Bill (R-MI)","Michigan","$76129"
"Jordan Jim (R-OH)","Ohio","$75895"
"Underwood Lauren A (D-IL)","Illinois","$75593"
"McBath Lucy (D-GA)","Georgia","$75415"
"McCollum Bill (R-FL)","Florida","$74406"
"DeGette Diana (D-CO)","Colorado","$74225"
"Northup Anne M (R-KY)","Kentucky","$73774"
"Paulsen Erik (R-MN)","Minnesota","$73735"
"Grijalva Raul M (D-AZ)","Arizona","$73583"
"Chaffetz Jason (R-UT)","Utah","$73552"
"Mannion John (D-NY)","New York","$73456"
"Comstock Barbara (R-VA)","Virginia","$73398"
"Bishop Mike (R-MI)","Michigan","$73089"
"Himes Jim (D-CT)","Connecticut","$72700"
"Lee Summer (D-PA)","Pennsylvania","$72626"
"Courtney Joe (D-CT)","Connecticut","$72045"
"Cramer Bud (D-AL)","Alabama","$71900"
"Mrvan Frank Jr (D-IN)","Indiana","$71339"
"Wynn Albert R (D-MD)","Maryland","$71250"
"Loebsack David (D-IA)","Iowa","$71020"
"Fingerhut Eric D (D-OH)","Ohio","$70890"
"Hoyle Val (D-OR)","Oregon","$70551"
"Gonzalez Anthony (R-OH)","Ohio","$70493"
"Buck Ken (R-CO)","Colorado","$70025"
"Barber Ron (D-AZ)","Arizona","$69889"
"Meadows Mark (R-NC)","North Carolina","$69570"
"Bonamici Suzanne (D-OR)","Oregon","$69534"
"Reyes Silvestre (D-TX)","Texas","$69350"
"Blumenauer Earl (D-OR)","Oregon","$69127"
"Yoder Kevin (R-KS)","Kansas","$68850"
"Fazio Vic (D-CA)","California","$68202"
"Lofgren Zoe (D-CA)","California","$67985"
"Owens Bill (D-NY)","New York","$67377"
"McGovern James P (D-MA)","Massachusetts","$67375"
"John Chris (D-LA)","Louisiana","$67241"
"Lesko Debbie (R-AZ)","Arizona","$66650"
"Comer James (R-KY)","Kentucky","$66610"
"Miller-Meeks Mariannette (R-IA)","Iowa","$66468"
"Sires Albio (D-NJ)","New Jersey","$65900"
"Davis Danny K (D-IL)","Illinois","$65484"
"McBride Sarah (D-DE)","Delaware","$65420"
"Hill French (R-AR)","Arkansas","$65350"
"Carbajal Salud (D-CA)","California","$65265"
"Weber Randy (R-TX)","Texas","$65062"
"Moolenaar John (R-MI)","Michigan","$65000"
"Yarmuth John (D-KY)","Kentucky","$64742"
"Craig Larry (R-ID)","Idaho","$64650"
"Jacobs Sara (D-CA)","California","$64604"
"Taylor Scott (R-VA)","Virginia","$64544"
"Honda Mike (D-CA)","California","$64200"
"Brindisi Anthony (D-NY)","New York","$64190"
"Hurd Jeffrey (R-CO)","Colorado","$64166"
"Kiley Kevin (R-CA)","California","$64075"
"Maloy Celeste (R-UT)","Utah","$63958"
"McClellan Jennifer (D-VA)","Virginia","$63832"
"Moore Gwen (D-WI)","Wisconsin","$63800"
"Lee Laurel (R-FL)","Florida","$63737"
"Tonko Paul (D-NY)","New York","$63596"
"Rodriguez Ciro D (D-TX)","Texas","$63500"
"Pryce Deborah (R-OH)","Ohio","$63250"
"Schauer Mark (D-MI)","Michigan","$63148"
"McCurdy Dave (D-OK)","Oklahoma","$63042"
"Moore Blake (R-UT)","Utah","$62800"
"Carter Buddy (R-GA)","Georgia","$62701"
"Mann Tracey (R-KS)","Kansas","$62657"
"Franks Trent (R-AZ)","Arizona","$62400"
"Rehberg Denny (R-MT)","Montana","$62250"
"Hurd Will (R)","","$62023"
"Fischbach Michelle (R-MN)","Minnesota","$61575"
"Demings Val (D-FL)","Florida","$61572"
"Murphy Greg (R-NC)","North Carolina","$61408"
"Mullin Kevin (D-CA)","California","$61023"
"Cox TJ (D-CA)","California","$60959"
"Long Billy (R-MO)","Missouri","$60810"
"Glickman Daniel Robert (D-KS)","Kansas","$60564"
"Thompson Mike (D-CA)","California","$60350"
"Alexander Rodney (R-LA)","Louisiana","$60100"
"Vindman Yevgeny 'Eugene' (D-VA)","Virginia","$60000"
"Wu David (D-OR)","Oregon","$59977"
"Dean Madeleine (D-PA)","Pennsylvania","$59930"
"Biggert Judy (R-IL)","Illinois","$59777"
"Bachus Spencer (R-AL)","Alabama","$59450"
"Hamilton Lee H (D-IN)","Indiana","$59350"
"Dent Charlie (R-PA)","Pennsylvania","$59286"
"McCollum Betty (D-MN)","Minnesota","$59100"
"Thomas Craig (R-WY)","Wyoming","$59000"
"Jayapal Pramila (D-WA)","Washington","$58986"
"Kind Ron (D-WI)","Wisconsin","$58842"
"Reed Tom (R-NY)","New York","$58819"
"Murtha John P (D-PA)","Pennsylvania","$58800"
"Brown Hank (R-CO)","Colorado","$58750"
"Graham Gwen (D-FL)","Florida","$58636"
"Hirono Mazie K (D-HI)","Hawaii","$58575"
"Moran Nathaniel (R-TX)","Texas","$58400"
"Hultgren Randy (R-IL)","Illinois","$58300"
"Carr Bob (R-MI)","Michigan","$58042"
"Beyer Don (D-VA)","Virginia","$57841"
"Lowenthal Alan (D-CA)","California","$57746"
"Huffman Jared (D-CA)","California","$57685"
"Weldon Curt (R-PA)","Pennsylvania","$57550"
"Ferguson Mike (R-NJ)","New Jersey","$57375"
"Duffy Sean P (R-WI)","Wisconsin","$56950"
"Paxon Bill (R-NY)","New York","$56700"
"Perriello Tom (D-VA)","Virginia","$56616"
"Linder John (R-GA)","Georgia","$56400"
"Bice Stephanie (R-OK)","Oklahoma","$56224"
"Tiffany Tom (R-WI)","Wisconsin","$56062"
"Fitzpatrick Michael G (R-PA)","Pennsylvania","$55978"
"Rivas Luz (D-CA)","California","$55950"
"Hern Kevin (R-OK)","Oklahoma","$55879"
"Balderson Troy (R-OH)","Ohio","$55850"
"Fry Russell (R-SC)","South Carolina","$55532"
"McKeon Buck (R-CA)","California","$55400"
"Meijer Peter (R-MI)","Michigan","$55001"
"Beutler Jaime Herrera (R-WA)","Washington","$54893"
"Fox Jon D (R-PA)","Pennsylvania","$54500"
"Grayson Alan (D-FL)","Florida","$54412"
"Garcia Sylvia (D-TX)","Texas","$54410"
"Gibbs Bob (R-OH)","Ohio","$54300"
"Coburn Tom (R-OK)","Oklahoma","$54282"
"Scanlon Mary Gay (D-PA)","Pennsylvania","$54272"
"Kline John (R-MN)","Minnesota","$54200"
"Handel Karen (R-GA)","Georgia","$54010"
"Wenstrup Brad (R-OH)","Ohio","$53825"
"Doggett Lloyd (D-TX)","Texas","$53700"
"Rivera David (R-FL)","Florida","$53300"
"Rose John (R-TN)","Tennessee","$53288"
"Westerman Bruce (R-AR)","Arkansas","$53061"
"Duncan Jeff (R-SC)","South Carolina","$52950"
"Nolan Rick (D-MN)","Minnesota","$52654"
"Schiff Steven H (R-NM)","New Mexico","$52450"
"Ross Dennis (R-FL)","Florida","$52400"
"Jindal Bobby (R)","","$52308"
"Scott Austin (R-GA)","Georgia","$52200"
"Castle Michael N (R-DE)","Delaware","$52050"
"Coffman Mike (R-CO)","Colorado","$51950"
"Duarte John (R-CA)","California","$51843"
"Estes Ron (R-KS)","Kansas","$51725"
"Grams Rod (R-MN)","Minnesota","$51650"
"Figures Shomari (D-AL)","Alabama","$51300"
"Edwards Chuck (R-NC)","North Carolina","$51185"
"Bean Aaron (R-FL)","Florida","$50879"
"Velazquez Nydia (D-NY)","New York","$50762"
"Rutherford John (R-FL)","Florida","$50754"
"Stansbury Melanie (D-NM)","New Mexico","$50567"
"Culberson John (R-TX)","Texas","$50494"
"Ferguson Drew (R-GA)","Georgia","$50200"
"Gallegly Elton (R-CA)","California","$50174"
"McCarthy Carolyn (D-NY)","New York","$50168"
"Arrington Jodey (R-TX)","Texas","$50058"
"Melancon Charles (D-LA)","Louisiana","$49950"
"Franklin Scott (R-FL)","Florida","$49750"
"Enyart William (D-IL)","Illinois","$49736"
"Fong Vince (R-CA)","California","$49650"
"Shimkus John (R-IL)","Illinois","$49650"
"Denham Jeff (R-CA)","California","$49545"
"Mitchell Harry (D-AZ)","Arizona","$49524"
"Latta Bob (R-OH)","Ohio","$49435"
"Price Tom (R-GA)","Georgia","$49403"
"Luttrell Morgan (R-TX)","Texas","$49225"
"Adler John H (D-NJ)","New Jersey","$49224"
"Boyd Allen (D-FL)","Florida","$49186"
"Wagner Ann (R-MO)","Missouri","$49157"
"Davis Susan (D-CA)","California","$48963"
"Murphy Scott (D-NY)","New York","$48851"
"Barrett Tom (R-MI)","Michigan","$48833"
"Blagojevich Rod (D-IL)","Illinois","$48800"
"Perlmutter Ed (D-CO)","Colorado","$48798"
"Forbes Michael P (D-NY)","New York","$48600"
"Mills Cory (R-FL)","Florida","$48550"
"Hill Baron (D-IN)","Indiana","$48525"
"McCormick Richard (R-GA)","Georgia","$48500"
"Slaughter Louise M (D-NY)","New York","$48366"
"Matheson Jim (D-UT)","Utah","$48350"
"Space Zack (D-OH)","Ohio","$48224"
"Wilson Frederica (D-FL)","Florida","$48150"
"Boswell Leonard (D-IA)","Iowa","$48149"
"Dunn Neal (R-FL)","Florida","$47938"
"Jackson Lee Sheila (D-TX)","Texas","$47900"
"Margolies Marjorie (D-PA)","Pennsylvania","$47890"
"Kagen Steve (D-WI)","Wisconsin","$47654"
"McGuire John (R-VA)","Virginia","$47650"
"Reichert Dave (R-WA)","Washington","$47330"
"Trahan Lori (D-MA)","Massachusetts","$47188"
"Carey Mike (R-OH)","Ohio","$47000"
"Chandler Ben (D-KY)","Kentucky","$46960"
"Tauscher Ellen (D-CA)","California","$46750"
"Pence Greg (R-IN)","Indiana","$46700"
"Biggs Andy (R-AZ)","Arizona","$46250"
"Kamlager Sydney (D-CA)","California","$46110"
"McClintock Tom (R-CA)","California","$45859"
"Lawson Al (D-FL)","Florida","$45703"
"Baesler Scotty (D-KY)","Kentucky","$45700"
"Salmon Matt (R-AZ)","Arizona","$45650"
"Allen Richard W (R-GA)","Georgia","$45550"
"Davis Tom (R-VA)","Virginia","$45550"
"Esty Elizabeth (D-CT)","Connecticut","$45458"
"Kingston Jack (R-GA)","Georgia","$45318"
"Small Xochitl Torres (D-NM)","New Mexico","$45226"
"Matsui Doris (D-CA)","California","$45220"
"Simmons Rob (R-CT)","Connecticut","$44965"
"Donovan Dan (R-NY)","New York","$44920"
"Davis Geoff (R-KY)","Kentucky","$44811"
"Subramanyam Suhas (D-VA)","Virginia","$44750"
"Roy Chip (R-TX)","Texas","$44479"
"Moore Dennis (D-KS)","Kansas","$44476"
"Weber Vin (R-MN)","Minnesota","$44450"
"McClain Lisa (R-MI)","Michigan","$44434"
"Hageman Harriet (R-WY)","Wyoming","$44350"
"Kennedy Timothy (D-NY)","New York","$44250"
"Strong Dale (R-AL)","Alabama","$44224"
"Renzi Rick (R-AZ)","Arizona","$43874"
"Johnson Julie (D-TX)","Texas","$43810"
"Everett Terry (R-AL)","Alabama","$43750"
"Liccardo Sam T. (D-CA)","California","$43399"
"Larson John (D-CT)","Connecticut","$43350"
"Schaffer Bob (R-CO)","Colorado","$43300"
"Frelinghuysen Rodney (R-NJ)","New Jersey","$43250"
"Kostmayer Peter H (D-PA)","Pennsylvania","$42900"
"DeFazio Peter (D-OR)","Oregon","$42815"
"Case Ed (D-HI)","Hawaii","$42750"
"Ellison Keith (D-MN)","Minnesota","$42642"
"Stupak Bart (D-MI)","Michigan","$42500"
"Moore Riley (R-WV)","West Virginia","$42300"
"McCrery Jim (R-LA)","Louisiana","$42200"
"Stearns Cliff (R-FL)","Florida","$42050"
"Pou Nelida (D-NJ)","New Jersey","$41786"
"Gooden Lance (R-TX)","Texas","$41650"
"Stutzman Marlin (R-IN)","Indiana","$41500"
"Johnson Dusty (R-SD)","South Dakota","$41396"
"Stivers Steve (R-OH)","Ohio","$41361"
"Walsh Joe (R)","","$41350"
"Messer Luke (R-IN)","Indiana","$41200"
"Franks Bob (R-NJ)","New Jersey","$41150"
"Doyle Mike (D-PA)","Pennsylvania","$41050"
"Delaney April (D-MD)","Maryland","$40900"
"Nugent Richard (R-FL)","Florida","$40850"
"Torres Norma (D-CA)","California","$40555"
"Payne Donald M (D-NJ)","New Jersey","$40550"
"Cooper Jim (D-TN)","Tennessee","$40350"
"Pocan Mark (D-WI)","Wisconsin","$40312"
"Brown Anthony (D-MD)","Maryland","$40310"
"Inslee Jay (D)","","$40290"
"Williams Roger (R-TX)","Texas","$40241"
"Costello Ryan (R-PA)","Pennsylvania","$40100"
"Hunter Duncan (R)","","$40000"
"Gabbard Tulsi (D-HI)","Hawaii","$39950"
"Hoagland Peter (D-NE)","Nebraska","$39600"
"Visclosky Pete (D-IN)","Indiana","$39600"
"Renacci Jim (R-OH)","Ohio","$39478"
"Santos George (R-NY)","New York","$39350"
"Holding George (R-NC)","North Carolina","$39285"
"Gordon Bart (D-TN)","Tennessee","$39250"
"Woolsey Lynn (D-CA)","California","$39250"
"Towns Edolphus (D-NY)","New York","$39150"
"Carl Jerry (R-AL)","Alabama","$39149"
"Feenstra Randy (R-IA)","Iowa","$39063"
"O'Halleran Tom (D-AZ)","Arizona","$38850"
"Keating Bill (D-MA)","Massachusetts","$38745"
"Haridopolos Mike (R-FL)","Florida","$38728"
"Guest Michael (R-MS)","Mississippi","$38700"
"Boccieri John A (D-OH)","Ohio","$38627"
"Shadegg John (R-AZ)","Arizona","$38550"
"Wolpe Howard E (D-MI)","Michigan","$38550"
"Fleischmann Chuck (R-TN)","Tennessee","$38450"
"Hare Phil (D-IL)","Illinois","$38424"
"Chu Judy (D-CA)","California","$38016"
"Markey Betsy (D-CO)","Colorado","$37925"
"Dingell Debbie (D-MI)","Michigan","$37860"
"Bilbray James H (D-NV)","Nevada","$37750"
"Walters Mimi (R-CA)","California","$37550"
"Escobar Veronica (D-TX)","Texas","$37514"
"Johnson Bill (R-OH)","Ohio","$37450"
"Posey Bill (R-FL)","Florida","$37250"
"Tiahrt Todd (R-KS)","Kansas","$37234"
"Peterson Collin (D-MN)","Minnesota","$37050"
"LaMalfa Doug (R-CA)","California","$36972"
"Wheat Alan (D-MO)","Missouri","$36901"
"Mahoney Tim (D-FL)","Florida","$36894"
"McEachin Donald (D-VA)","Virginia","$36750"
"Armey Dick (R-TX)","Texas","$36650"
"Riley Josh (D-NY)","New York","$36645"
"Nagle David R (D-IA)","Iowa","$36602"
"Miller Jeff (R-FL)","Florida","$36350"
"Laturner Jake (R-KS)","Kansas","$36280"
"Michaud Mike (D-ME)","Maine","$36250"
"Amodei Mark (R-NV)","Nevada","$35950"
"Hobson Dave (R-OH)","Ohio","$35950"
"Schmidt Derek (R-KS)","Kansas","$35950"
"Lawrence Brenda (D-MI)","Michigan","$35704"
"Turner Sylvester (D-TX)","Texas","$35650"
"Lampson Nick (D-TX)","Texas","$35605"
"Kasich John (R)","","$35500"
"Porter Jon (R-NV)","Nevada","$35450"
"Bass Charles (R-NH)","New Hampshire","$35350"
"Knight Steve (R-CA)","California","$35180"
"Weygand Bob (D-RI)","Rhode Island","$35005"
"Owens Major R (D-NY)","New York","$34975"
"Nickel Wiley (D-NC)","North Carolina","$34958"
"Richmond Cedric (D-LA)","Louisiana","$34926"
"Kelly Sue (R-NY)","New York","$34400"
"Bono Mack Mary (R-CA)","California","$34390"
"Harris Katherine (R-FL)","Florida","$34300"
"Wilson Charles (D-TX)","Texas","$34200"
"Ansari Yassamin (D-AZ)","Arizona","$34060"
"Brown-Waite Ginny (R-FL)","Florida","$34050"
"Cloud Michael (R-TX)","Texas","$34001"
"Dingell John D (D-MI)","Michigan","$34000"
"Goodlatte Bob (R-VA)","Virginia","$33950"
"Miller Carol (R-WV)","West Virginia","$33650"
"Griffith Morgan (R-VA)","Virginia","$33550"
"Sununu John E (R-NH)","New Hampshire","$33550"
"Yoho Ted (R-FL)","Florida","$33500"
"Alford Mark (R-MO)","Missouri","$33458"
"Simpson Mike (R-ID)","Idaho","$33400"
"Roby Martha (R-AL)","Alabama","$33200"
"Gray Adam (D-CA)","California","$33019"
"Cline Ben (R-VA)","Virginia","$33001"
"Babin Brian (R-TX)","Texas","$32800"
"Poe Ted (R-TX)","Texas","$32750"
"Rivers Lynn N (D-MI)","Michigan","$32653"
"Carson Andre (D-IN)","Indiana","$32569"
"Horn Kendra (D-OK)","Oklahoma","$32567"
"Hinchey Maurice (D-NY)","New York","$32522"
"Hayworth J D (R-AZ)","Arizona","$32300"
"Franks Gary A (R-CT)","Connecticut","$32250"
"Ashford Brad (D-NE)","Nebraska","$31950"
"Flood Mike (R-NE)","Nebraska","$31858"
"Green Gene (D-TX)","Texas","$31800"
"Correa Lou (D-CA)","California","$31606"
"Bowman Jamaal (D-NY)","New York","$31502"
"Baker Richard (R-LA)","Louisiana","$31500"
"Rothfus Keith J (R-PA)","Pennsylvania","$31450"
"Yates Sidney R (D-IL)","Illinois","$31450"
"Kihuen Ruben (D-NV)","Nevada","$31314"
"Becerra Xavier (D-CA)","California","$31276"
"Altmire Jason (D-PA)","Pennsylvania","$31200"
"Morella Connie (R-MD)","Maryland","$31200"
"Sarbanes John (D-MD)","Maryland","$30600"
"Kopetski Mike (D-OR)","Oregon","$30500"
"Gosar Paul (R-AZ)","Arizona","$30475"
"Salazar John (D-CO)","Colorado","$30400"
"Fitzgerald Scott (R-WI)","Wisconsin","$30350"
"Lungren Dan (R-CA)","California","$30250"
"Chocola Chris (R-IN)","Indiana","$30200"
"Miller John (R-WA)","Washington","$30190"
"Schrader Kurt (D-OR)","Oregon","$29883"
"Evans Dwight (D-PA)","Pennsylvania","$29750"
"Graves Sam (R-MO)","Missouri","$29750"
"Carter John (R-TX)","Texas","$29650"
"Jones Ben (D-VA)","Virginia","$29650"
"Blum Rod (R-IA)","Iowa","$29594"
"Brecheen Josh (R-OK)","Oklahoma","$29500"
"Browder Glen (D-AL)","Alabama","$29500"
"Jones Stephanie Tubbs (D-OH)","Ohio","$29500"
"Self Keith (R-TX)","Texas","$29467"
"Molinari Susan (R-NY)","New York","$29400"
"Flores Mayra (R-TX)","Texas","$28979"
"Desjarlais Scott (R-TN)","Tennessee","$28900"
"Johnson Eddie Bernice (D-TX)","Texas","$28700"
"Luna Anna Paulina (R-FL)","Florida","$28691"
"Obernolte Jay (R-CA)","California","$28672"
"Gillen Laura (D-NY)","New York","$28557"
"Balint Becca (D-VT)","Vermont","$28551"
"Tipton Scott (R-CO)","Colorado","$28329"
"Kildee Dale E (D-MI)","Michigan","$28100"
"Upton Fred (R-MI)","Michigan","$27910"
"Rooney Tom (R-FL)","Florida","$27850"
"Byrne Bradley (R-AL)","Alabama","$27700"
"Erdreich Ben (D-AL)","Alabama","$27700"
"Laughlin Greg (R-TX)","Texas","$27700"
"Bresnahan Rob (R-PA)","Pennsylvania","$27608"
"Unsoeld Jolene (D-WA)","Washington","$27554"
"Capuano Michael E (D-MA)","Massachusetts","$27500"
"Fallon Patrick (R-TX)","Texas","$27461"
"Bentsen Ken (D-TX)","Texas","$27426"
"Frank Barney (D-MA)","Massachusetts","$27324"
"Allen Tom H (D-ME)","Maine","$27250"
"Sweeney John E (R-NY)","New York","$27250"
"Cazayoux Don (D-LA)","Louisiana","$27000"
"Phillips Dean (D)","","$26975"
"Cardoza Dennis (D-CA)","California","$26950"
"Rouzer David (R-NC)","North Carolina","$26918"
"Marshall Jim (D-GA)","Georgia","$26900"
"Kennedy Joseph P II (D-MA)","Massachusetts","$26600"
"Coleman Ronald D (D-TX)","Texas","$26550"
"Harris Mark (R-NC)","North Carolina","$26450"
"Lummis Cynthia (R-WY)","Wyoming","$26450"
"Hoekstra Peter (R-MI)","Michigan","$26250"
"Gill Brandon (R-TX)","Texas","$26208"
"Bishop Rob (R-UT)","Utah","$26150"
"Bucshon Larry (R-IN)","Indiana","$26000"
"Conyers John Jr (D-MI)","Michigan","$26000"
"Smith Adrian (R-NE)","Nebraska","$25958"
"Gonzalez Charlie A (D-TX)","Texas","$25900"
"Ogles Andy (R-TN)","Tennessee","$25858"
"Mackenzie Ryan (R-PA)","Pennsylvania","$25820"
"Green Al (D-TX)","Texas","$25750"
"Watts J C Jr (R-OK)","Oklahoma","$25750"
"Conaway Herb (D-NJ)","New Jersey","$25601"
"Dicks Norm (D-WA)","Washington","$25575"
"Putnam Adam H (R-FL)","Florida","$25550"
"Harshbarger Diana (R-TN)","Tennessee","$25334"
"Randall Emily (D-WA)","Washington","$25100"
"Mcdowell Addison (R-NC)","North Carolina","$25000"
"Pastor Ed (D-AZ)","Arizona","$24950"
"Haaland Debra (D-NM)","New Mexico","$24912"
"Barca Peter William (D-WI)","Wisconsin","$24750"
"Kelly Trent (R-MS)","Mississippi","$24653"
"Whitesides George (D-CA)","California","$24546"
"Nethercutt George R Jr (R-WA)","Washington","$24537"
"Castro Joaquin (D-TX)","Texas","$24412"
"Machtley Ronald Keith (R-RI)","Rhode Island","$24400"
"Adams Alma (D-NC)","North Carolina","$24264"
"Gohmert Louis B Jr (R-TX)","Texas","$24250"
"Lightfoot Jim (R-IA)","Iowa","$24200"
"Drake Thelma (R-VA)","Virginia","$24100"
"Higgins Brian M (D-NY)","New York","$24100"
"Matsui Robert T (D-CA)","California","$24050"
"Johnson Timothy (R-IL)","Illinois","$23900"
"McCotter Thaddeus G (R)","","$23850"
"Johnston Harry A (D-FL)","Florida","$23800"
"Brown Corrine (D-FL)","Florida","$23750"
"Smith Peter (R-VT)","Vermont","$23750"
"Gallego Pete (D-TX)","Texas","$23650"
"Foley Mark (R-FL)","Florida","$23500"
"Palazzo Steven (R-MS)","Mississippi","$23500"
"Clay William L Jr (D-MO)","Missouri","$23492"
"Butterfield G K (D-NC)","North Carolina","$23450"
"Downing Troy (R-MT)","Montana","$23450"
"Houchin Erin (R-IN)","Indiana","$23400"
"Burchett Tim (R-TN)","Tennessee","$23361"
"Cao Joseph (R-LA)","Louisiana","$23339"
"McMillen Tom (D-MD)","Maryland","$23300"
"Hahn Janice (D-CA)","California","$23000"
"Livingston Robert L (R-LA)","Louisiana","$23000"
"Bright Bobby (R-AL)","Alabama","$22650"
"Garcia Jesus (D-IL)","Illinois","$22410"
"Dreier David (R-CA)","California","$22400"
"Bishop Timothy H (D-NY)","New York","$22300"
"Stauber Pete (R-MN)","Minnesota","$22250"
"Desaulnier Mark (D-CA)","California","$22150"
"Grisham Michelle Lujan (D-NM)","New Mexico","$22100"
"Regula Ralph (R-OH)","Ohio","$22000"
"Luther Bill (D-MN)","Minnesota","$21913"
"Dahlkemper Kathy (D-PA)","Pennsylvania","$21850"
"Miller Brad (D-NC)","North Carolina","$21850"
"Guthrie Brett (R-KY)","Kentucky","$21800"
"Skaggs David E (D-CO)","Colorado","$21650"
"Miller George (D-CA)","California","$21550"
"Crawford Rick (R-AR)","Arkansas","$21400"
"Ezell Mike (R-MS)","Mississippi","$21301"
"Bacchus James L (D-FL)","Florida","$21300"
"Smith Larry (D-FL)","Florida","$21267"
"Olver John W (D-MA)","Massachusetts","$21250"
"Bonilla Henry (R-TX)","Texas","$21100"
"Bishop Dan (R-NC)","North Carolina","$21075"
"Cunningham Randy (Duke) (R-CA)","California","$21050"
"Olson Pete (R-TX)","Texas","$21050"
"Schmidt Jean (R-OH)","Ohio","$21050"
"Manzullo Don (R-IL)","Illinois","$21000"
"Jackson Jonathan (D-IL)","Illinois","$20800"
"Massa Eric (D-NY)","New York","$20720"
"LaRocco Larry (D-ID)","Idaho","$20600"
"Taylor David (R-OH)","Ohio","$20500"
"Kucinich Dennis (I-OH)","Ohio","$20450"
"Harper Gregg (R-MS)","Mississippi","$20250"
"Meek Carrie (D-FL)","Florida","$20250"
"Pearce Steve (R-NM)","New Mexico","$20250"
"Edwards Mickey (R-OK)","Oklahoma","$20200"
"Boebert Lauren (R-CO)","Colorado","$20064"
"Hooley Darlene (D-OR)","Oregon","$20021"
"Fletcher Ernie (R-KY)","Kentucky","$20000"
"Espy Mike (D-MS)","Mississippi","$19988"
"McAdams Ben (D-UT)","Utah","$19860"
"Sherwood Don (R-PA)","Pennsylvania","$19750"
"Thompson Glenn (R-PA)","Pennsylvania","$19650"
"Farr Sam (D-CA)","California","$19500"
"McIntosh David M (R-IN)","Indiana","$19500"
"Russell Steven (R-OK)","Oklahoma","$19500"
"Minnick Walt (D-ID)","Idaho","$19450"
"McDermott Jim (D-WA)","Washington","$19400"
"Emerson Jo Ann (R-MO)","Missouri","$19350"
"Higgins Clay (R-LA)","Louisiana","$19350"
"Murphy Stephanie (D-FL)","Florida","$19315"
"Harrigan Pat (R-NC)","North Carolina","$19250"
"Hall John (D-NY)","New York","$19200"
"Baird Jim (R-IN)","Indiana","$19000"
"Jenkins Lynn (R-KS)","Kansas","$18900"
"Luetkemeyer Blaine (R-MO)","Missouri","$18782"
"Chandler Rod (R-WA)","Washington","$18750"
"Crenshaw Ander (R-FL)","Florida","$18750"
"Sisisky Norman (D-VA)","Virginia","$18750"
"Polis Jared (D-CO)","Colorado","$18700"
"Brooks Mo (R-AL)","Alabama","$18600"
"Parker Mike (R-MS)","Mississippi","$18600"
"Hochbrueckner George J (D-NY)","New York","$18550"
"Sawyer Tom (D-OH)","Ohio","$18530"
"Clarke James McClure (D-NC)","North Carolina","$18487"
"Brady Robert A (D-PA)","Pennsylvania","$18400"
"Crank Jeffrey G (R-CO)","Colorado","$18100"
"Hayworth Nan (R-NY)","New York","$18100"
"Serrano Jose E (D-NY)","New York","$17950"
"Herseth Sandlin Stephanie (D-SD)","South Dakota","$17750"
"Callahan Sonny (R-AL)","Alabama","$17500"
"Poliquin Bruce (R-ME)","Maine","$17500"
"Solarz Stephen J (D-NY)","New York","$17350"
"Buerkle Ann Marie (R-NY)","New York","$17250"
"Jackson Jeff (D-NC)","North Carolina","$17200"
"Coppersmith Samuel G (D-AZ)","Arizona","$17154"
"Foley Thomas S (D-WA)","Washington","$17000"
"Jefferson William J (D-LA)","Louisiana","$17000"
"Mica John L (R-FL)","Florida","$17000"
"Rush Bobby (D-IL)","Illinois","$16725"
"Nehls Troy (R-TX)","Texas","$16600"
"Whitfield Ed (R-KY)","Kentucky","$16500"
"Hagedorn Jim (R-MN)","Minnesota","$16429"
"Brown George E Jr (D-CA)","California","$16300"
"Friedman Laura (D-CA)","California","$16250"
"Green Bill (R-NY)","New York","$16250"
"King Steven A (R-IA)","Iowa","$16250"
"Payne Donald M Jr (D-NJ)","New Jersey","$16250"
"Stokes Louis (D-OH)","Ohio","$16250"
"Finstad Brad (R-MN)","Minnesota","$16000"
"Riley Bob (R-AL)","Alabama","$16000"
"Ross Mike (D-AR)","Arkansas","$16000"
"Dooley Cal (D-CA)","California","$15937"
"Fulcher Russ (R-ID)","Idaho","$15900"
"Noem Kristi (R-SD)","South Dakota","$15900"
"Pomeroy Earl (D-ND)","North Dakota","$15900"
"Gray William H III (D-PA)","Pennsylvania","$15750"
"McCarthy Karen (D-MO)","Missouri","$15750"
"Ramstad Jim (R-MN)","Minnesota","$15716"
"Adams Sandy (R-FL)","Florida","$15650"
"Evans Gabe (R-CO)","Colorado","$15622"
"McCloskey Frank (D-IN)","Indiana","$15600"
"Kratovil Frank (D-MD)","Maryland","$15550"
"Saiki Patricia Fukuda (R-HI)","Hawaii","$15500"
"Walz Tim (D-MN)","Minnesota","$15500"
"Kilpatrick Carolyn Cheeks (D-MI)","Michigan","$15450"
"Rohrabacher Dana (R-CA)","California","$15400"
"Bunn Jim (R-OR)","Oregon","$15350"
"Kosmas Suzanne (D-FL)","Florida","$15350"
"Onder Robert Frank Jr (R-MO)","Missouri","$15350"
"McHugh John M (R-NY)","New York","$15300"
"AuCoin Les (D-OR)","Oregon","$15250"
"Baird Brian (D-WA)","Washington","$15231"
"Watson Diane E (D-CA)","California","$15150"
"Nussle Jim (R-IA)","Iowa","$15000"
"Foglietta Thomas M (D-PA)","Pennsylvania","$14950"
"Mrazek Robert J (D-NY)","New York","$14950"
"Sikorski Gerry (D-MN)","Minnesota","$14850"
"Burlison Eric (R-MO)","Missouri","$14750"
"Grucci Felix J Jr (R-NY)","New York","$14750"
"Jenkins Evan (R-WV)","West Virginia","$14750"
"Landry Jeff (R-LA)","Louisiana","$14750"
"Stewart Chris (R-UT)","Utah","$14750"
"Bynum Janelle (D-OR)","Oregon","$14713"
"Collins Doug (R-GA)","Georgia","$14600"
"Moody Jim (D-WI)","Wisconsin","$14600"
"Quayle Ben (R-AZ)","Arizona","$14600"
"Taylor Charles H (R-NC)","North Carolina","$14500"
"Young Don (R-AK)","Alaska","$14429"
"Abraham Ralph (R-LA)","Louisiana","$14400"
"Beauprez Bob (R-CO)","Colorado","$14374"
"Musgrave Marilyn (R-CO)","Colorado","$14350"
"Rulli Michael (R-OH)","Ohio","$14300"
"Carney Chris (D-PA)","Pennsylvania","$14250"
"Arcuri Mike (D-NY)","New York","$14224"
"Downey Thomas J (D-NY)","New York","$14200"
"Tsongas Niki (D-MA)","Massachusetts","$14200"
"Bilirakis Michael (R-FL)","Florida","$14117"
"Rice Tom (R-SC)","South Carolina","$14100"
"McInnis Scott (R-CO)","Colorado","$14000"
"Annunzio Frank (D-IL)","Illinois","$13750"
"Ramirez Delia (D-IL)","Illinois","$13625"
"Lancaster Harold Martin (D-NC)","North Carolina","$13600"
"Schenk Lynn (D-CA)","California","$13520"
"Hilliard Earl F (D-AL)","Alabama","$13500"
"Radel Trey (R-FL)","Florida","$13500"
"Moore Barry (R-AL)","Alabama","$13400"
"Nunes Devin (R-CA)","California","$13350"
"Kennedy Mike (R-UT)","Utah","$13300"
"Andrews Thomas H (D-ME)","Maine","$13250"
"Dixon Julian C (D-CA)","California","$13250"
"Djou Charles (R-HI)","Hawaii","$13250"
"Barletta Lou (R-PA)","Pennsylvania","$13100"
"Bell Chris (D-TX)","Texas","$13000"
"Jones Walter B Jr (R-NC)","North Carolina","$13000"
"Roybal-Allard Lucille (D-CA)","California","$13000"
"Campbell Tom (R-CA)","California","$12850"
"Bilbray Brian P (R-CA)","California","$12800"
"Reynolds Tom (R-NY)","New York","$12750"
"Rogan James E (R-CA)","California","$12750"
"Schilling Bobby (R-IL)","Illinois","$12700"
"Min Dave (D-CA)","California","$12650"
"Ribble Reid (R-WI)","Wisconsin","$12600"
"Feeney Tom (R-FL)","Florida","$12550"
"Moore Tim (R-NC)","North Carolina","$12500"
"Tokuda Jill (D-HI)","Hawaii","$12500"
"Critz Mark (D-PA)","Pennsylvania","$12454"
"Feighan Edward F (D-OH)","Ohio","$12450"
"Pompeo Mike (R-KS)","Kansas","$12450"
"Souder Mark E (R-IN)","Indiana","$12450"
"Napolitano Grace (D-CA)","California","$12400"
"Thurman Karen L (D-FL)","Florida","$12350"
"Shreve Jefferson (R-IN)","Indiana","$12300"
"Scott Bobby (D-VA)","Virginia","$12250"
"Sodrel Mike (R-IN)","Indiana","$12191"
"Heck Dennis (D-WA)","Washington","$12150"
"Horn Joan Kelly (D-MO)","Missouri","$12150"
"Nye Glenn (D-VA)","Virginia","$12033"
"Shepherd Karen F (D-UT)","Utah","$12015"
"Hayes Robin (R-NC)","North Carolina","$12000"
"Meyers Jan (R-KS)","Kansas","$12000"
"Murphy Tim (R-PA)","Pennsylvania","$12000"
"White Rick (R-WA)","Washington","$12000"
"Burns Max (R-GA)","Georgia","$11968"
"Rahall Nick (D-WV)","West Virginia","$11800"
"Bonior David E (D-MI)","Michigan","$11750"
"Solis Hilda L (D-CA)","California","$11750"
"Meuser Dan (R-PA)","Pennsylvania","$11543"
"Etheridge Bob (D-NC)","North Carolina","$11525"
"Clay William L (D-MO)","Missouri","$11500"
"Richardson Bill (D)","","$11250"
"Armstrong Kelly (R-ND)","North Dakota","$11200"
"Derrick Butler C Jr (D-SC)","South Carolina","$11200"
"Buechner Jack (R-MO)","Missouri","$11000"
"Crane Phil (R-IL)","Illinois","$11000"
"Douglas Chuck (R-NH)","New Hampshire","$11000"
"Klein Herbert C (D-NJ)","New Jersey","$11000"
"Lucas Frank D (R-OK)","Oklahoma","$11000"
"Lewis Jerry (R-CA)","California","$10750"
"Miller Candice S (R-MI)","Michigan","$10750"
"Ravenel Arthur Jr (R-SC)","South Carolina","$10750"
"Sarpalius William Clarence (D-TX)","Texas","$10650"
"Casar Greg (D-TX)","Texas","$10550"
"Biggs Sheri (R-SC)","South Carolina","$10500"
"Lucas Ken (D-KY)","Kentucky","$10500"
"Spence Floyd D (R-SC)","South Carolina","$10500"
"Norman Ralph (R-SC)","South Carolina","$10400"
"Dunn Jennifer (R-WA)","Washington","$10350"
"Hollingsworth Trey (R-IN)","Indiana","$10250"
"Lehman William (D-FL)","Florida","$10250"
"Thompson Jill Long (D-IN)","Indiana","$10250"
"Gallo Dean A (R-NJ)","New Jersey","$10200"
"Vander Jagt Guy A (R-MI)","Michigan","$10200"
"McMahon Michael E (D-NY)","New York","$10150"
"Takai Mark (D-HI)","Hawaii","$10136"
"Brooks Susan (R-IN)","Indiana","$10100"
"Broomfield William S (R-MI)","Michigan","$10000"
"Knott Brad (R-NC)","North Carolina","$10000"
"McDade Joseph M (R-PA)","Pennsylvania","$10000"
"Michel Robert H (R-IL)","Illinois","$10000"
"Pittenger Robert (R-NC)","North Carolina","$10000"
"Roemer Tim (D-IN)","Indiana","$9950"
"Sandlin Max (D-TX)","Texas","$9950"
"Geren Pete (D-TX)","Texas","$9800"
"Grimm Michael (R-NY)","New York","$9800"
"Keller Ric (R-FL)","Florida","$9750"
"Turner Robert L (R-NY)","New York","$9750"
"Cravaack Chip (R-MN)","Minnesota","$9500"
"Jolly David (R-FL)","Florida","$9500"
"Yatron Gus (D-PA)","Pennsylvania","$9500"
"Sangmeister George E (D-IL)","Illinois","$9450"
"Fossella Vito (R-NY)","New York","$9250"
"Meehan Patrick (R-PA)","Pennsylvania","$9250"
"Shuler Heath (D-NC)","North Carolina","$9250"
"Watt Melvin L (D-NC)","North Carolina","$9227"
"McHugh Matthew F (D-NY)","New York","$9050"
"Blute Peter I (R-MA)","Massachusetts","$9000"
"Bradley Jeb (R-NH)","New Hampshire","$9000"
"Fascell Dante B (D-FL)","Florida","$9000"
"Harris Claude Jr (D-AL)","Alabama","$9000"
"Cook Paul (R-CA)","California","$8750"
"Grandy Fred (R-IA)","Iowa","$8750"
"Guinta Frank (R-NH)","New Hampshire","$8750"
"Boren Dan (D-OK)","Oklahoma","$8600"
"Lowery William D (R-CA)","California","$8550"
"Cubin Barbara (R-WY)","Wyoming","$8500"
"Forbes Randy (R-VA)","Virginia","$8500"
"Holden Tim (D-PA)","Pennsylvania","$8500"
"Kissell Larry (D-NC)","North Carolina","$8500"
"Frost Maxwell (D-FL)","Florida","$8354"
"Sundquist Donald Kenneth (R-TN)","Tennessee","$8350"
"Boyda Nancy (D-KS)","Kansas","$8250"
"Ganske Greg (R-IA)","Iowa","$8250"
"Scarborough Joe (R-FL)","Florida","$8250"
"Thornton Ray (D-AR)","Arkansas","$8250"
"Jones Brenda (D-MI)","Michigan","$8225"
"Brat Dave (R-VA)","Virginia","$8100"
"Sharp Philip R (D-IN)","Indiana","$8050"
"Benishek Dan (R-MI)","Michigan","$8000"
"Cooksey John (R-LA)","Louisiana","$8000"
"Davis Jo Ann (R-VA)","Virginia","$8000"
"Emerson Bill (R-MO)","Missouri","$8000"
"Goss Porter (R-FL)","Florida","$8000"
"Sanford Mark (R)","","$8000"
"Burgess Michael (R-TX)","Texas","$7900"
"Bentz Cliff (R-OR)","Oregon","$7750"
"Pappas Mike (R-NJ)","New Jersey","$7750"
"Walsh James T (R-NY)","New York","$7750"
"Runyan Jon (R-NJ)","New Jersey","$7550"
"Bevill Tom (D-AL)","Alabama","$7500"
"Grant Bill (R-FL)","Florida","$7500"
"Klug Scott L (R-WI)","Wisconsin","$7500"
"Ehrlich Bob (R-MD)","Maryland","$7400"
"Latham Tom (R-IA)","Iowa","$7400"
"Pickering Charles (Chip) Jr (R-MS)","Mississippi","$7350"
"Southerland Steve (R-FL)","Florida","$7250"
"English Phil (R-PA)","Pennsylvania","$7200"
"Fields Cleo (D-LA)","Louisiana","$7200"
"Baca Joe (D-CA)","California","$7088"
"Lewis Jason (R-MN)","Minnesota","$7050"
"Coughlin R Lawrence (R-PA)","Pennsylvania","$7000"
"Fattah Chaka (D-PA)","Pennsylvania","$7000"
"Holloway Clyde C (R-LA)","Louisiana","$7000"
"Skeen Joe (R-NM)","New Mexico","$7000"
"Wilson Charlie (D-OH)","Ohio","$7000"
"Furse Elizabeth (D-OR)","Oregon","$6963"
"Costello Jerry F (D-IL)","Illinois","$6850"
"Wamp Zach (R-TN)","Tennessee","$6800"
"Hardy Cresent (R-NV)","Nevada","$6750"
"Torres Esteban E (D-CA)","California","$6750"
"Bridenstine James (R-OK)","Oklahoma","$6700"
"Zeliff Bill (R-NH)","New Hampshire","$6700"
"Camp Dave (R-MI)","Michigan","$6550"
"Davis Jim (D-FL)","Florida","$6550"
"Gibbons Sam (D-FL)","Florida","$6550"
"Gaetz Matt (R-FL)","Florida","$6535"
"Doolittle John T (R-CA)","California","$6500"
"Martinez Matthew G (D-CA)","California","$6500"
"McHale Paul (D-PA)","Pennsylvania","$6500"
"Pitts Joe (R-PA)","Pennsylvania","$6500"
"Schuette Bill (R-MI)","Michigan","$6500"
"Beilenson Anthony C (D-CA)","California","$6450"
"Davidson Warren (R-OH)","Ohio","$6400"
"Taylor Van (R-TX)","Texas","$6400"
"Chrysler Dick (R-MI)","Michigan","$6300"
"Borski Bob (D-PA)","Pennsylvania","$6250"
"Greenwood James C (R-PA)","Pennsylvania","$6250"
"Ney Bob (R-OH)","Ohio","$6250"
"Tancredo Tom (3)","","$6250"
"Tucker Walter R III (D-CA)","California","$6250"
"Wise Bob (D-WV)","West Virginia","$6250"
"Ballenger Cass (R-NC)","North Carolina","$6150"
"Eckart Dennis E (D-OH)","Ohio","$6150"
"Kuykendall Steven T (R-CA)","California","$6083"
"Clarke Hansen (D-MI)","Michigan","$6000"
"Houghton Amo (R-NY)","New York","$6000"
"Hunter Duncan D (R-CA)","California","$6000"
"Hyde Henry J (R-IL)","Illinois","$6000"
"Lewis Ron (R-KY)","Kentucky","$6000"
"Rostenkowski Dan (D-IL)","Illinois","$6000"
"Ryun Jim (R-KS)","Kansas","$6000"
"Terry Lee (R-NE)","Nebraska","$6000"
"Carney John (D-DE)","Delaware","$5924"
"Bentley Helen Delich (R-MD)","Maryland","$5850"
"Bustamante Albert G (D-TX)","Texas","$5850"
"Brady Kevin (R-TX)","Texas","$5750"
"Luken Charles John (D-OH)","Ohio","$5750"
"Williams Pat (D-MT)","Montana","$5750"
"Cremeans Frank A (R-OH)","Ohio","$5550"
"Brewster Bill (D-OK)","Oklahoma","$5500"
"Christensen Jon (R-NE)","Nebraska","$5500"
"Ellmers Renee (R-NC)","North Carolina","$5500"
"Millender-McDonald Juanita (D-CA)","California","$5500"
"Miller Gary (R-CA)","California","$5500"
"Rigell Scott (R-VA)","Virginia","$5500"
"Shows Ronnie (D-MS)","Mississippi","$5500"
"Tate Randy (R-WA)","Washington","$5500"
"Begich Nick III (R-AK)","Alaska","$5482"
"Delaney John K (D)","","$5434"
"Goode Virgil (3)","","$5300"
"Hefley Joel (R-CO)","Colorado","$5250"
"Hice Jody (R-GA)","Georgia","$5250"
"Miller Mary (R-IL)","Illinois","$5250"
"Platts Todd (R-PA)","Pennsylvania","$5250"
"Sali Bill (R-ID)","Idaho","$5250"
"Walden Greg (R-OR)","Oregon","$5250"
"Wied Tony (R-WI)","Wisconsin","$5238"
"Gibson Chris (R-NY)","New York","$5100"
"Anthony Beryl F Jr (D-AR)","Arkansas","$5000"
"Barcia Jim (D-MI)","Michigan","$5000"
"Boehlert Sherwood (R-NY)","New York","$5000"
"Conte Silvio O (R-MA)","Massachusetts","$5000"
"Danner Pat (D-MO)","Missouri","$5000"
"Flake Floyd H (D-NY)","New York","$5000"
"Kuhl John R Jr (R-NY)","New York","$5000"
"LaHood Ray (R-IL)","Illinois","$5000"
"Neal Stephen L (D-NC)","North Carolina","$5000"
"Quillen James H (R-TN)","Tennessee","$5000"
"Rose Charlie (D-NC)","North Carolina","$5000"
"Schrock Ed (R-VA)","Virginia","$5000"
"Snowbarger Vince (R-KS)","Kansas","$5000"
"Tauzin Billy (R-LA)","Louisiana","$5000"
"Wright Jim (D-TX)","Texas","$5000"
"Schwarz Joe (R-MI)","Michigan","$4950"
"Kahele Kai (D-HI)","Hawaii","$4800"
"Hart Melissa (R-PA)","Pennsylvania","$4750"
"Phelps David (D-IL)","Illinois","$4750"
"Hayes Jimmy (R-LA)","Louisiana","$4550"
"Tlaib Rashida (D-MI)","Michigan","$4510"
"Clement Bob (D-TN)","Tennessee","$4500"
"Huckaby Jerry (D-LA)","Louisiana","$4500"
"Janklow Bill (R-SD)","South Dakota","$4500"
"Jontz James (D-IN)","Indiana","$4500"
"Ward Mike (D-KY)","Kentucky","$4500"
"Waters Maxine (D-CA)","California","$4500"
"Farenthold Blake (R-TX)","Texas","$4300"
"Funderburk David (R-NC)","North Carolina","$4250"
"Hill Rick (R-MT)","Montana","$4250"
"Lipinski Bill (D-IL)","Illinois","$4250"
"Byrne Leslie L (D-VA)","Virginia","$4119"
"Coble Howard (R-NC)","North Carolina","$4050"
"Martini Bill (R-NJ)","New Jersey","$4050"
"Hamburg Dan (D-CA)","California","$4040"
"Campbell John (R-CA)","California","$4000"
"Condit Gary A (D-CA)","California","$4000"
"Cox John W Jr (D-IL)","Illinois","$4000"
"Dyson Roy (D-MD)","Maryland","$4000"
"Frisa Daniel (R-NY)","New York","$4000"
"Stenholm Charles W (D-TX)","Texas","$4000"
"Thompson Bennie G (D-MS)","Mississippi","$4000"
"Richardson Laura (D-CA)","California","$3900"
"Ballance Frank W Jr (D-NC)","North Carolina","$3750"
"Garrett Tom (R-VA)","Virginia","$3750"
"Kennelly Barbara B (D-CT)","Connecticut","$3700"
"Hamadeh Abraham (R-AZ)","Arizona","$3505"
"Bono Sonny (R-CA)","California","$3500"
"Ford William D (D-MI)","Michigan","$3500"
"Hiler John (R-IN)","Indiana","$3500"
"Seastrand Andrea (R-CA)","California","$3500"
"Thornberry Mac (R-TX)","Texas","$3500"
"Turner Jim (D-TX)","Texas","$3500"
"Akin Todd (R-MO)","Missouri","$3250"
"Cannon Chris (R-UT)","Utah","$3250"
"Chapman Jim (D-TX)","Texas","$3250"
"Jacobs Chris (R-NY)","New York","$3250"
"McNulty Michael R (D-NY)","New York","$3200"
"McKinley David (R-WV)","West Virginia","$3100"
"Payne LF Jr (D-VA)","Virginia","$3100"
"Moakley Joe (D-MA)","Massachusetts","$3050"
"Inglis Bob (R-SC)","South Carolina","$3004"
"Bryant John (D-TX)","Texas","$3000"
"Carson Julia (D-IN)","Indiana","$3000"
"Childers Travis (D-MS)","Mississippi","$3000"
"McEwen Bob (R-OH)","Ohio","$3000"
"Scheuer James H (D-NY)","New York","$3000"
"Andrews Michael Allen (D-TX)","Texas","$2968"
"Clayton Eva M (D-NC)","North Carolina","$2950"
"Berry Marion (D-AR)","Arkansas","$2750"
"Abercrombie Neil (D-HI)","Hawaii","$2575"
"Mavroules Nicholas (D-MA)","Massachusetts","$2550"
"Blackwell Lucien E (D-PA)","Pennsylvania","$2500"
"Darden Buddy (D-GA)","Georgia","$2500"
"Hertel Dennis M (D-MI)","Michigan","$2500"
"Longley James B Jr (R-ME)","Maine","$2500"
"McAllister Vance (R-LA)","Louisiana","$2500"
"Mulvaney Mick (R-SC)","South Carolina","$2500"
"Ose Doug (R-CA)","California","$2500"
"Tejeda Frank (D-TX)","Texas","$2500"
"Collins Barbara-Rose (D-MI)","Michigan","$2250"
"Greene Marjorie Taylor (R-GA)","Georgia","$2250"
"Johnson Jay (D-WI)","Wisconsin","$2250"
"Dornan Robert K (R-CA)","California","$2100"
"Capps Walter H (D-CA)","California","$2090"
"Neugebauer Randy (R-TX)","Texas","$2062"
"Bryant Ed (R-TN)","Tennessee","$2000"
"Clawson Curt (R-FL)","Florida","$2000"
"Flanagan Michael Patrick (R-IL)","Illinois","$2000"
"Ford Harold E (D-TN)","Tennessee","$2000"
"James Craig Taylor (R-FL)","Florida","$2000"
"Jenkins Edgar L (D-GA)","Georgia","$2000"
"Mann David S (D-OH)","Ohio","$2000"
"McKinney Cynthia (3)","","$2000"
"Smith Nick (R-MI)","Michigan","$2000"
"Tierney John F (D-MA)","Massachusetts","$2000"
"Ritter Don (R-PA)","Pennsylvania","$1850"
"Lehman Richard H (D-CA)","California","$1750"
"Otter C L (Butch) (R-ID)","Idaho","$1750"
"Washington Craig A (D-TX)","Texas","$1750"
"Nichols Richard D (R-KS)","Kansas","$1550"
"Atkins Chester Greenough (D-MA)","Massachusetts","$1500"
"Barton Joe (R-TX)","Texas","$1500"
"Bereuter Doug (R-NE)","Nebraska","$1500"
"Collins Chris (R-NY)","New York","$1500"
"Hulshof Kenny (R-MO)","Missouri","$1500"
"Kanjorski Paul E (D-PA)","Pennsylvania","$1500"
"Kim Jay C (R-CA)","California","$1500"
"Lynch Stephen (D-MA)","Massachusetts","$1500"
"McGrath Raymond J (R-NY)","New York","$1500"
"Orton Bill (D-UT)","Utah","$1500"
"Peterson John E (R-PA)","Pennsylvania","$1500"
"Radanovich George (R-CA)","California","$1500"
"Simon Lateefah (D-CA)","California","$1500"
"Spano Ross (R-FL)","Florida","$1500"
"Tiberi Pat (R-OH)","Ohio","$1500"
"Alexander William Vollie Jr (D-AR)","Arkansas","$1250"
"Levy David A (3-NY)","New York","$1250"
"Myrick Sue (R-NC)","North Carolina","$1250"
"Russo Martin A (D-IL)","Illinois","$1250"
"Westmoreland Lynn A (R-GA)","Georgia","$1250"
"Young C W Bill (R-FL)","Florida","$1250"
"English Karan (D-AZ)","Arizona","$1199"
"Cawthorn Madison (R-NC)","North Carolina","$1180"
"Fortenberry Jeff (R-NE)","Nebraska","$1160"
"Baker Bill (R-CA)","California","$1000"
"Barrett Gresham (R-SC)","South Carolina","$1000"
"Bruce Terry L (D-IL)","Illinois","$1000"
"Coyne William J (D-PA)","Pennsylvania","$1000"
"Fish Hamilton Jr (R-NY)","New York","$1000"
"Gianforte Greg (R-MT)","Montana","$1000"
"Hubbard Carroll Jr (D-KY)","Kentucky","$1000"
"Manton Thomas J (D-NY)","New York","$1000"
"Martin Lynn (R-IL)","Illinois","$1000"
"Miller Clarence E (R-OH)","Ohio","$1000"
"Mineta Norman Y (D-CA)","California","$1000"
"Packard Ron (R-CA)","California","$1000"
"Pease Ed (R-IN)","Indiana","$1000"
"Rhodes John Jacob III (R-AZ)","Arizona","$1000"
"Schneider Claudine C (R-RI)","Rhode Island","$1000"
"Snyder Vic (D-AR)","Arkansas","$1000"
"Stark Pete (D-CA)","California","$1000"
"Studds Gerry E (D-MA)","Massachusetts","$1000"
"Thomas Bill (R-CA)","California","$1000"
"Volkmer Harold L (D-MO)","Missouri","$1000"
"Weiss Ted (D-NY)","New York","$1000"
"Wright Ron (R-TX)","Texas","$1000"
"Moran Jim (D-VA)","Virginia","$850"
"Collins Cardiss (D-IL)","Illinois","$800"
"Bartlett Roscoe G (R-MD)","Maryland","$750"
"Coleman E Thomas (R-MO)","Missouri","$750"
"Dexter Maxine (D-OR)","Oregon","$750"
"Hall Tony P (D-OH)","Ohio","$750"
"McMillan J Alex (R-NC)","North Carolina","$750"
"Smith Bob (R-OR)","Oregon","$750"
"Johnson Nancy L (R-CT)","Connecticut","$700"
"Patterson Elizabeth J (D-SC)","South Carolina","$600"
"Huelskamp Tim (R-KS)","Kansas","$550"
"Broun Paul (R-GA)","Georgia","$500"
"Clyde Andrew (R-GA)","Georgia","$500"
"Collins Mac (R-GA)","Georgia","$500"
"Cooley Wes (R-OR)","Oregon","$500"
"Cox Christopher (R-CA)","California","$500"
"Crane Eli (R-AZ)","Arizona","$500"
"Crockett Jasmine (D-TX)","Texas","$500"
"Fallin Mary (R-OK)","Oklahoma","$500"
"Gibbons Jim (R-NV)","Nevada","$500"
"Good Bob (R-VA)","Virginia","$500"
"Hastings Doc (R-WA)","Washington","$500"
"Hughes Bill (D-NJ)","New Jersey","$500"
"Hutchinson Asa (R-AR)","Arkansas","$500"
"Marlenee Ron (R-MT)","Montana","$500"
"McCandless Alfred A (R-CA)","California","$500"
"Morrison Bruce A (D-CT)","Connecticut","$500"
"Oberstar James L (D-MN)","Minnesota","$500"
"Paul Ron (R)","","$500"
"Peterson Pete (D-FL)","Florida","$500"
"Riggs Frank (R-CA)","California","$500"
"Sabo Martin Olav (D-MN)","Minnesota","$500"
"Synar Michael Lynn (D-OK)","Oklahoma","$500"
"Udall Morris King (D-AZ)","Arizona","$500"
"Klink Ron (D-PA)","Pennsylvania","$450"
"Joyce John (R-PA)","Pennsylvania","$400"
"Ocasio-Cortez Alexandria (D-NY)","New York","$387"
"Stockman Steve (R-TX)","Texas","$300"
"Baldacci John (D-ME)","Maine","$250"
"Baumgartner Michael (R-WA)","Washington","$250"
"Deal Nathan (R-GA)","Georgia","$250"
"Ewing Thomas W (R-IL)","Illinois","$250"
"Fawell Harris W (R-IL)","Illinois","$250"
"Gillmor Paul E (R-OH)","Ohio","$250"
"Jones Walter B (D-NC)","North Carolina","$250"
"Kreidler Mike (D-WA)","Washington","$250"
"Minge David (D-MN)","Minnesota","$250"
"Smith Lamar (R-TX)","Texas","$250"
"Watkins Wes (R-OK)","Oklahoma","$250"
"Woodall Rob (R-GA)","Georgia","$250"
"Gunderson Steve (R-WI)","Wisconsin","$200"
"Roukema Marge (R-NJ)","New Jersey","$50"
"Collins Mike (R-GA)","Georgia","$20"
"Bush Cori (D-MO)","Missouri","$18"
"Pressley Ayanna (D-MA)","Massachusetts","$5"