"Senator","State","Amount"
"Biden Joe (D)","","$4226576"
"Menendez Robert (I-NJ)","New Jersey","$2507647"
"Clinton Hillary (D-NY)","New York","$2352302"
"Harris Kamala (D)","","$2346605"
"Kirk Mark (R-IL)","Illinois","$2294469"
"Lieberman Joe (D-CT)","Connecticut","$1997774"
"McConnell Mitch (R-KY)","Kentucky","$1951910"
"Cruz Ted (R-TX)","Texas","$1872592"
"Schumer Charles E (D-NY)","New York","$1727974"
"Rosen Jacky (D-NV)","Nevada","$1711754"
"McCain John (R-AZ)","Arizona","$1493816"
"Casey Bob (D-PA)","Pennsylvania","$1413643"
"Wyden Ron (D-OR)","Oregon","$1280876"
"Tester Jon (D-MT)","Montana","$1266994"
"Levin Carl (D-MI)","Michigan","$1246113"
"Schiff Adam (D-CA)","California","$1233039"
"Brown Sherrod (D-OH)","Ohio","$1221093"
"Perdue David (R-GA)","Georgia","$1139708"
"Durbin Dick (D-IL)","Illinois","$1127350"
"Specter Arlen (D-PA)","Pennsylvania","$1070245"
"Feingold Russ (D-WI)","Wisconsin","$1033216"
"Rubio Marco (R-FL)","Florida","$1013563"
"Graham Lindsey (R-SC)","South Carolina","$999580"
"Gillibrand Kirsten (D-NY)","New York","$999322"
"Romney Mitt (R-UT)","Utah","$976493"
"Warnock Raphael (D-GA)","Georgia","$922669"
"Cardin Ben (D-MD)","Maryland","$912535"
"Booker Cory (D-NJ)","New Jersey","$871313"
"Nelson Bill (D-FL)","Florida","$856036"
"Stabenow Debbie (D-MI)","Michigan","$838982"
"Landrieu Mary L (D-LA)","Louisiana","$822505"
"Duckworth Tammy (D-IL)","Illinois","$782541"
"Ossoff Jon (D-GA)","Georgia","$780858"
"Klobuchar Amy (D-MN)","Minnesota","$768630"
"Boxer Barbara (D-CA)","California","$725793"
"Wicker Roger (R-MS)","Mississippi","$724620"
"Daschle Tom (D-SD)","South Dakota","$716691"
"Baldwin Tammy (D-WI)","Wisconsin","$714541"
"Murray Patty (D-WA)","Washington","$681006"
"Fischer Deb (R-NE)","Nebraska","$667786"
"Scott Rick (R-FL)","Florida","$656821"
"Collins Susan M (R-ME)","Maine","$647758"
"Reid Harry (D-NV)","Nevada","$645367"
"McSally Martha (R-AZ)","Arizona","$642484"
"Hassan Maggie (D-NH)","New Hampshire","$641392"
"Peters Gary (D-MI)","Michigan","$625115"
"Whitehouse Sheldon (D-RI)","Rhode Island","$616721"
"Harkin Tom (D-IA)","Iowa","$607360"
"Coleman Norm (R-MN)","Minnesota","$607299"
"Kaine Tim (D-VA)","Virginia","$600065"
"Masto Catherine Cortez (D-NV)","Nevada","$596504"
"Blackburn Marsha (R-TN)","Tennessee","$587466"
"Feinstein Dianne (D-CA)","California","$569735"
"Shaheen Jeanne (D-NH)","New Hampshire","$569445"
"Cantwell Maria (D-WA)","Washington","$568623"
"Slotkin Elissa (D-MI)","Michigan","$548470"
"Ernst Joni (R-IA)","Iowa","$529190"
"Baucus Max (D-MT)","Montana","$525988"
"Ayotte Kelly (R-NH)","New Hampshire","$522014"
"Mikulski Barbara A (D-MD)","Maryland","$519009"
"Kelly Mark (D-AZ)","Arizona","$506132"
"Udall Mark (D-CO)","Colorado","$504602"
"Grassley Chuck (R-IA)","Iowa","$502541"
"Cornyn John (R-TX)","Texas","$488929"
"Kyl Jon (R-AZ)","Arizona","$486812"
"Bennet Michael (D-CO)","Colorado","$466440"
"Loeffler Kelly (R-GA)","Georgia","$463530"
"Lautenberg Frank (D-NJ)","New Jersey","$463249"
"Thune John (R-SD)","South Dakota","$461724"
"Murkowski Lisa (R-AK)","Alaska","$436022"
"Alsobrooks Angela (D-MD)","Maryland","$429849"
"Kim Andy (D-NJ)","New Jersey","$427511"
"Cassidy Bill (R-LA)","Louisiana","$422740"
"McCaskill Claire (D-MO)","Missouri","$418543"
"Inouye Daniel K (D-HI)","Hawaii","$418030"
"Blunt Roy (R-MO)","Missouri","$408778"
"Reed Jack (D-RI)","Rhode Island","$402602"
"Moreno Bernie (R-OH)","Ohio","$399636"
"Young Todd (R-IN)","Indiana","$396478"
"Blumenthal Richard (D-CT)","Connecticut","$390481"
"Santorum Rick (R)","","$380664"
"Gallego Ruben (D-AZ)","Arizona","$379877"
"Scott Tim (R-SC)","South Carolina","$378896"
"Bayh Evan (D-IN)","Indiana","$375837"
"McCormick Dave (R-PA)","Pennsylvania","$375510"
"Lee Mike (R-UT)","Utah","$374658"
"Warner Mark (D-VA)","Virginia","$372061"
"Dodd Chris (D-CT)","Connecticut","$369950"
"Banks Jim (R-IN)","Indiana","$368705"
"Lankford James (R-OK)","Oklahoma","$365560"
"Robb Charles S (D-VA)","Virginia","$363178"
"Daines Steven (R-MT)","Montana","$362266"
"Cramer Kevin (R-ND)","North Dakota","$350072"
"Johnson Ron (R-WI)","Wisconsin","$347043"
"Johnson Tim (D-SD)","South Dakota","$345569"
"Smith Gordon H (R-OR)","Oregon","$341336"
"Sinema Kyrsten (I-AZ)","Arizona","$340186"
"Heinrich Martin (D-NM)","New Mexico","$336176"
"Hoeven John (R-ND)","North Dakota","$334296"
"Burns Conrad (R-MT)","Montana","$332265"
"Toomey Pat (R-PA)","Pennsylvania","$330245"
"Crapo Mike (R-ID)","Idaho","$327673"
"Rockefeller Jay (D-WV)","West Virginia","$326086"
"Portman Rob (R-OH)","Ohio","$323546"
"Conrad Kent (D-ND)","North Dakota","$321910"
"D'Amato Alfonse M (R-NY)","New York","$318652"
"Hawley Josh (R-MO)","Missouri","$312009"
"Bennett Robert F (R-UT)","Utah","$311850"
"Boozman John (R-AR)","Arkansas","$309860"
"Roberts Pat (R-KS)","Kansas","$305700"
"Ricketts Pete (R-NE)","Nebraska","$303472"
"Sasse Ben (R-NE)","Nebraska","$302260"
"Gardner Cory (R-CO)","Colorado","$300839"
"Warren Elizabeth (D-MA)","Massachusetts","$298275"
"Obama Barack (D)","","$297198"
"Van Hollen Chris (D-MD)","Maryland","$288706"
"Moran Jerry (R-KS)","Kansas","$285985"
"Shelby Richard C (R-AL)","Alabama","$274215"
"Hickenlooper John (D-CO)","Colorado","$272949"
"Udall Tom (D-NM)","New Mexico","$271798"
"Brownback Sam (R)","","$271745"
"Fetterman John (D-PA)","Pennsylvania","$271438"
"Tillis Thom (R-NC)","North Carolina","$270656"
"Barrasso John (R-WY)","Wyoming","$269962"
"Manchin Joe (D-WV)","West Virginia","$268735"
"Pryor Mark (D-AR)","Arkansas","$263870"
"Talent James M (R-MO)","Missouri","$263423"
"Coons Chris (D-DE)","Delaware","$258166"
"Risch James E (R-ID)","Idaho","$255787"
"Inhofe James M (R-OK)","Oklahoma","$253275"
"Merkley Jeff (D-OR)","Oregon","$250147"
"Boschwitz Rudy (R-MN)","Minnesota","$245720"
"Nelson Ben (D-NE)","Nebraska","$244973"
"Heitkamp Heidi (D-ND)","North Dakota","$244148"
"Cleland Max (D-GA)","Georgia","$242671"
"Cotton Tom (R-AR)","Arkansas","$237739"
"Dorgan Byron L (D-ND)","North Dakota","$236369"
"Allen George (R-VA)","Virginia","$235740"
"Burr Richard (R-NC)","North Carolina","$234336"
"King Angus (I-ME)","Maine","$234026"
"DeWine Mike (R-OH)","Ohio","$229813"
"Kennedy John (R-LA)","Louisiana","$225192"
"Simon Paul (D-IL)","Illinois","$224992"
"Torricelli Robert G (D-NJ)","New Jersey","$215736"
"Sessions Jeff (R-AL)","Alabama","$215450"
"Vitter David (R-LA)","Louisiana","$212055"
"Franken Al (D-MN)","Minnesota","$211498"
"Heller Dean (R-NV)","Nevada","$203992"
"Bond Christopher ""Kit"" (R-MO)","Missouri","$203500"
"Hatch Orrin G (R-UT)","Utah","$203383"
"Curtis John (R-UT)","Utah","$198448"
"Schatz Brian (D-HI)","Hawaii","$196170"
"Pressler Larry (I-SD)","South Dakota","$195886"
"Carnahan Jean (D-MO)","Missouri","$194283"
"Carper Tom (D-DE)","Delaware","$194270"
"Brown Scott (R-NH)","New Hampshire","$191100"
"Stevens Ted (R-AK)","Alaska","$187800"
"Wofford Harris (D-PA)","Pennsylvania","$187050"
"Lincoln Blanche (D-AR)","Arkansas","$185955"
"Kasten Bob (R-WI)","Wisconsin","$185623"
"Bunning Jim (R-KY)","Kentucky","$183060"
"Gorton Slade (R-WA)","Washington","$181400"
"Rounds Mike (R-SD)","South Dakota","$177950"
"Begich Mark (D-AK)","Alaska","$174539"
"Lugar Richard G (R-IN)","Indiana","$172560"
"Jones Doug (D-AL)","Alabama","$168912"
"Corker Bob (R-TN)","Tennessee","$168083"
"Vance J D (R-OH)","Ohio","$167324"
"Packwood Bob (R-OR)","Oregon","$165228"
"Braun Carol Moseley (D)","","$163010"
"Kerrey Bob (D-NE)","Nebraska","$161150"
"Kerry John (D-MA)","Massachusetts","$160571"
"Isakson Johnny (R-GA)","Georgia","$158900"
"Budd Ted (R-NC)","North Carolina","$158495"
"Murphy Christopher S (D-CT)","Connecticut","$154153"
"Sarbanes Paul S (D-MD)","Maryland","$153363"
"Capito Shelley Moore (R-WV)","West Virginia","$150050"
"Campbell Ben Nighthorse (R-CO)","Colorado","$146701"
"Hyde-Smith Cindy (R-MS)","Mississippi","$146607"
"Pell Claiborne (D-RI)","Rhode Island","$146150"
"Graham Bob (D-FL)","Florida","$145596"
"Chambliss Saxby (R-GA)","Georgia","$145400"
"Glenn John (D-OH)","Ohio","$144450"
"Cohen William S (R-ME)","Maine","$142244"
"Flake Jeff (R-AZ)","Arizona","$142200"
"Snowe Olympia (R-ME)","Maine","$142100"
"Markey Ed (D-MA)","Massachusetts","$141671"
"Welch Peter (D-VT)","Vermont","$140458"
"Dole Elizabeth (R-NC)","North Carolina","$139130"
"Donnelly Joe (D-IN)","Indiana","$136783"
"Sheehy Tim (R-MT)","Montana","$135102"
"Leahy Patrick (D-VT)","Vermont","$134616"
"Smith Tina (D-MN)","Minnesota","$131416"
"Sullivan Dan (R-AK)","Alaska","$131183"
"Akaka Daniel K (D-HI)","Hawaii","$129850"
"Bingaman Jeff (D-NM)","New Mexico","$124683"
"Martinez Mel (R-FL)","Florida","$122499"
"Enzi Mike (R-WY)","Wyoming","$121825"
"Hagan Kay R (D-NC)","North Carolina","$121455"
"Coats Dan (R-IN)","Indiana","$119800"
"Voinovich George V (R-OH)","Ohio","$113400"
"Fowler Wyche Jr (D-GA)","Georgia","$113190"
"Kennedy Edward M (D-MA)","Massachusetts","$109300"
"Smith Bob (R-NH)","New Hampshire","$108894"
"Justice Jim (R-WV)","West Virginia","$107285"
"Salazar Ken (D-CO)","Colorado","$104000"
"Britt Katie Boyd (R-AL)","Alabama","$103857"
"Gramm Phil (R-TX)","Texas","$102725"
"Cochran Thad (R-MS)","Mississippi","$101500"
"Warner John W (R-VA)","Virginia","$99950"
"Hutchinson Tim (R-AR)","Arkansas","$99300"
"Lujan Ben Ray (D-NM)","New Mexico","$92618"
"Nickles Don (R-OK)","Oklahoma","$92550"
"Marshall Roger (R-KS)","Kansas","$92400"
"Mullin Markwayne (R-OK)","Oklahoma","$91000"
"Ensign John (R-NV)","Nevada","$89800"
"Lott Trent (R-MS)","Mississippi","$89700"
"Heflin Howell (D-AL)","Alabama","$89600"
"Abraham Spencer (R-MI)","Michigan","$89450"
"Mack Connie (R-FL)","Florida","$89350"
"Allard Wayne (R-CO)","Colorado","$84500"
"Johanns Mike (R-NE)","Nebraska","$81785"
"DeMint Jim (R-SC)","South Carolina","$81700"
"Alexander Lamar (R-TN)","Tennessee","$81175"
"Sanders Bernie (I-VT)","Vermont","$80665"
"Schmitt Eric (R-MO)","Missouri","$80550"
"Rochester Lisa Blunt (D-DE)","Delaware","$80435"
"Johnston J Bennett (D-LA)","Louisiana","$79600"
"Coverdell Paul (R-GA)","Georgia","$75700"
"Braun Mike (R-IN)","Indiana","$75050"
"Bryan Richard H (D-NV)","Nevada","$72410"
"Hollings Fritz (D-SC)","South Carolina","$70868"
"Dole Bob (R)","","$66250"
"Craig Larry (R-ID)","Idaho","$64650"
"Hagerty Bill (R-TN)","Tennessee","$61845"
"Exon Jim (D-NE)","Nebraska","$61500"
"Ashcroft John (R-MO)","Missouri","$59900"
"Wirth Timothy E (D-CO)","Colorado","$59836"
"Thomas Craig (R-WY)","Wyoming","$59000"
"Gore Al (D)","","$58800"
"Brown Hank (R-CO)","Colorado","$58750"
"Hirono Mazie K (D-HI)","Hawaii","$58575"
"Breaux John (D-LA)","Louisiana","$57350"
"Wellstone Paul (D-MN)","Minnesota","$56867"
"Murkowski Frank H (R-AK)","Alaska","$54500"
"Coburn Tom (R-OK)","Oklahoma","$54282"
"Wilson Pete (R)","","$52750"
"Grams Rod (R-MN)","Minnesota","$51650"
"Domenici Pete V (R-NM)","New Mexico","$51300"
"Adams Brock (D-WA)","Washington","$50700"
"Frist Bill (R-TN)","Tennessee","$49550"
"Tuberville Tommy (R-AL)","Alabama","$47755"
"Helms Jesse (R-NC)","North Carolina","$46310"
"Sasser Jim (D-TN)","Tennessee","$41500"
"Hutchison Kay Bailey (R-TX)","Texas","$37500"
"Thompson Fred (R)","","$35250"
"Sununu John E (R-NH)","New Hampshire","$33550"
"Roth William V Jr (R-DE)","Delaware","$31550"
"Padilla Alex (D-CA)","California","$30850"
"Strange Luther (R-AL)","Alabama","$30318"
"Miller Zell (D-GA)","Georgia","$29000"
"Seymour John F (R-CA)","California","$28750"
"Bradley Bill (D)","","$28250"
"Gregg Judd (R-NH)","New Hampshire","$27750"
"Lummis Cynthia (R-WY)","Wyoming","$26450"
"Chafee Lincoln (L)","","$25100"
"Moynihan Daniel Patrick (D-NY)","New York","$20900"
"Dixon Alan J (D-IL)","Illinois","$20750"
"Jeffords James M (I-VT)","Vermont","$17950"
"Sanford James Terry (D-NC)","North Carolina","$16600"
"Lemieux George S (R-FL)","Florida","$16450"
"Walsh John (D-MT)","Montana","$15705"
"Deconcini Dennis (D-AZ)","Arizona","$14950"
"Faircloth Lauch (R-NC)","North Carolina","$14000"
"Bumpers Dale (D-AR)","Arkansas","$12000"
"Fitzgerald Peter G (R-IL)","Illinois","$11500"
"Riegle Donald W Jr (D-MI)","Michigan","$11000"
"Hagel Chuck (R-NE)","Nebraska","$9825"
"Nunn Sam (D-GA)","Georgia","$9380"
"Krueger Robert (Bob) (D-TX)","Texas","$8633"
"Ford Wendell H (D-KY)","Kentucky","$8000"
"Paul Rand (R-KY)","Kentucky","$6000"
"McClure James A (R-ID)","Idaho","$5750"
"Pryor David (D-AR)","Arkansas","$5500"
"Simpson Alan K (R-WY)","Wyoming","$4000"
"Cranston Alan (D)","","$3500"
"Heinz John (R-PA)","Pennsylvania","$3300"
"Kassebaum Nancy Landon (R-KS)","Kansas","$3000"
"Edwards John (D)","","$2000"
"Mitchell George J (D-ME)","Maine","$1750"
"Durenberger Dave (R-MN)","Minnesota","$1500"
"Bentsen Lloyd (D-TX)","Texas","$900"
"Kempthorne Dirk (R-ID)","Idaho","$500"